Datetime,Tweet Id,Tweet,Username,Language
Wed Apr 12 22:08:37 +0000 2023,311312187,"Setelah pasar memperkirakan akan terjadi resesi karena Fed menaikkan suku bunga tergesa-gesa sejak tahun lalu, semalam Fed menyatakan krisis perbankan lah yang akan menyebabkan resesi tahun ini. 

Krik.... krik... krik... https://t.co/YPHYMsJc1w",doktermarket,in
Sun Apr 09 04:17:34 +0000 2023,9.16E+17,"Uang reses dewan di kembalikan ke warga jd rutinitas sjk 2006 berbentuk uang &amp; sembako dgn niat Zakat

Kalo ente ngomong mereka berhak/engga &amp; di anggap Amalan tak bernilai Zakat oleh Alloh

Yo.. Biarlah itu urusan Alloh
Kok ente yg sewod @MuhammadSaewadd
Ente zakat apa wad? ğŸ˜ğŸ˜ https://t.co/QOFZDKc9wY",Fita_Shanty,in
Fri Apr 07 12:17:32 +0000 2023,8.18E+17,"8 golongan yang berhak menerima zakat, apakah jamaah yang di masjid itu semuanya termasuk 8 golongan tersebut? https://t.co/LGUYIB0YFU",Muhammad_Saewad,in
Mon Apr 17 06:22:21 +0000 2023,201965045,"Indonesia termasuk negara yang memiliki kemungkinan kecil terkena resesi (cuma 2%). Mantap kan. Sumber: Bloomberg

Ekonomi sejauh ini sih terlihat bagus-bagus saja

Tapi ya belum tentu pasar saham pasti juga cerah. Ingat kalimat ini: stock market is not the economy https://t.co/Xb9VwzZXMr",desmondwira,in
Sat Apr 15 03:33:53 +0000 2023,2256063276,"Rubini: AS sedang menuju krisis kredit yang akan mengirim ekonomi ke dalam resesi  

Nurijel RUBINI: Masalahnya ada di bank-bank daerah yang menerbitkan pinjaman hipotek, pinjaman komersial terkait real estate, serta pinjaman kepada usaha kecil dan menengah. https://t.co/3fvpZoXNoL",SoftWarNews,in
Mon Apr 03 08:11:39 +0000 2023,150581612,Resesi seks di Jepang telah menyebabkan populasi turun dan angka kelahiran bayi mencapai rekor terendah ğŸ‘¶. Salah satu dampak fenomena tersebut adalah ratusan sekolah yang tutup setiap tahunnya karena kekurangan murid. https://t.co/XJgINj8C94,dw_indonesia,in
Sun Apr 09 05:21:45 +0000 2023,105085302,"Jepang dilanda resesi seks. Klo Indonesia dilanda resesi akal sehat.

No debat! ğŸ¤£ğŸ¤£ğŸ¤£",bachrum_achmadi,in
Sun Apr 23 13:38:34 +0000 2023,1.41E+18,Indonesia Resesi? https://t.co/2ssLL2InHq,Fatur48151349,in
Sun Apr 16 04:25:50 +0000 2023,215099720,"Krisis perbankan AS belum berakhir, bank-bank kecil dan regional telah berhenti memberikan pinjaman, dan pasar modal belum pulih ke level sebelumnya, sehingga resesi adalah skenario yang sangat mungkin terjadi, kata mantan Menteri Keuangan AS Hank Paulson (2006-2009). https://t.co/V7eFGqCL9M",bdleonanda,in
Sun Apr 02 08:20:06 +0000 2023,1.33E+18,"ğŸ’š baru tau woiiii ğŸ˜­ pantesan capung jarang keliatan sekarang, ternyata resesi populasi ğŸ˜­ https://t.co/uUzyt4TVc2",tanyakanrl,in
Sat Apr 15 10:47:35 +0000 2023,214159664,"Masa reses harus benar-benar dipakai untuk turun ke bawah..

Contohnya yang dilakukan oleh mbak @imadya https://t.co/0QH3QEY8Vg",Paltiwest,in
Fri Apr 21 23:22:22 +0000 2023,104823513,"@musslihuddin Indonesia ga perlu khawatir akan resesi sex karena bonus demografi kita sudah banyak. Yg harus lebih dikhawatirkan adalah, nanti anak yg dilahirkan apakah akan dapat nutrisi tumbuh kembang dan pendidikan yg baik apa enggak.
Buat apa bonus demografi banyak, tapi ga banyak kepake?",primawansatrio,in
Sun Apr 23 06:36:57 +0000 2023,1.53E+18,"Saya masih percaya, Bitcoin akan kembali ke order block di 29.300-31.800.

Alasannya M2 Supply sudah terburuk sepanjang sejarah, tidak ada celah untuk AS tidak resesi. Periode decoupling sudah terlalu sering kelihatan

Secara macro, konflik di sudan adalah dibuat, https://t.co/JlkfLHYyik",hoteliercrypto,in
Fri Apr 21 22:58:10 +0000 2023,234682839,@primawansatrio Financial stable? Sampai kapan? Nunggu indonesia resesi sex kek jepan korea dulu kah?,musslihuddin,in
Fri Apr 14 01:02:05 +0000 2023,172766975,Semoga Indonesia terhindar dari ancaman resesi.. insya Allah... https://t.co/qjwN5S4yqU,kh_notodiputro,in
Wed Apr 05 02:55:07 +0000 2023,2527364299,"""Resesi Seks"" Makin Ngeri di Jepang, Banyak Sekolah Tutup...

@DokterTifa @rockygerung_rg
Gak ada niatan pergi ke Jepang kah???
.
.
.
ğŸ“Œ
https://t.co/gQK9dOuNqi https://t.co/6CKxFAvGQZ",AB_008_,in
Sun Apr 16 12:44:01 +0000 2023,311312187,Kemungkinan terjadi resesi tahun 2023: Inggris tertinggi sementara India dan Indonesia terendah (BBG) https://t.co/1gFrl9RzO2,doktermarket,in
Sat Apr 15 08:35:21 +0000 2023,33456112,"Bloomberg menyebut, kemungkinan Indonesia bersama India dan Saudi mengalami resesi, sangat kecil. Di bawah 5%.

Data seperti ini pasti bikin sakit mata oposisi.

Wajar kalo urusan hutang Cina, dihajar teruss. https://t.co/vH358TDRDv",muchlis_ar,in
Thu Apr 20 09:36:41 +0000 2023,7.31E+17,Resesi batal ? https://t.co/8byugw2fEL,Arth_sihotang16,in
Mon Mar 27 03:56:53 +0000 2023,3319260420,"Bantah Lakukan Politik Uang, Said PDIP Tegaskan Cuma Bagi Sembako di Masa Reses
https://t.co/X05vTGmZsi",geloraco,in
Wed Apr 05 07:52:29 +0000 2023,451407714,@ispeispewayae Ekonomi resesi: https://t.co/jI9v476wwV,ifadhils,in
Sun Apr 09 06:52:16 +0000 2023,342730325,"Saya melaksanakan giat Reses Serap Aspirasi warga Pondok Pinang, Petukangan Utara &amp; Kuningan Timur. Semoga bermanfaat &amp; mempererat silaturahmi.

@AgusYudhoyono @PDemokrat 
@RAMujiyono @PDemokratjkt 
@MelaniLSuharli 

#DemokratBersamaWarga
#PerubahanDanPerbaikan https://t.co/DNtgWhCNYn",alimuhsuharli,in
Thu Apr 06 04:33:25 +0000 2023,57261519,"Sri Mulyani rencananya akan duduk bersama dengan Menko Polhukam  @mohmahfudmd dan Kepala Pusat Pelaporan dan Analisis Transaksi Keuangan (PPATK) Ivan Yustiavandana. Rapat akan dilakukan sebelum masa reses pada 14 April 2023.

#SriMulyani #349T #DPR https://t.co/wNSEJAFMvV",Metro_TV,in
Fri Apr 07 13:22:53 +0000 2023,2412572689,"Ribuan Sekolah Ditutup, Jepang Dilanda Resesi Seks, Angka Kelahiran Minim https://t.co/B8qE8jTOqk",is_pelssy,in
Thu Apr 13 21:18:31 +0000 2023,1.46E+18,"UU Cipta Kerja membuat Indonesia tahan terhadap risiko pandemi dan resesi
#CiptaKerja #UUCiptaKerja #DukungUUCiptaker #CiptakerSejahterakanRakyat #CiptakerMembangunIndonesia #PertumbuhanEkonomi #PemulihanEkonomiNasional #EkonomiIndonesia #SurgaInvestasi https://t.co/9BSMKX7QkI",penegak_kultum,in
Thu Apr 06 03:25:10 +0000 2023,1.60E+18,@msaid_didu Terus aja lempar2an sampe ketemu masa reses berikutnya ntar abis reses lempar2an lagi ampe abis masa jabatan DPR. https://t.co/GfbopgH5KL,Yedi_ExTKI,in
Mon Apr 10 07:21:28 +0000 2023,1.00E+18,Resesi kerasa juga boi... njir terseok-seok bukan main,baryoism,in
Mon Apr 17 15:23:41 +0000 2023,108557222,"Pengertian ğ’ğ’‚ğ’“ğ’Œğ’†ğ’• di Indonesia itu belum linear ke pasar modal (bursa saham), malah lebih linear ke ğ’‘ğ’‚ğ’”ğ’‚ğ’“ ğ’ƒğ’†ğ’„ğ’†ğ’Œ / UMKM yg 'tdk kenal yg namanya saham/bursa.

Bursa saham boleh jungkir balik, Ekonomi Rakyat jalan terus; tidak ada resesi. https://t.co/l4fhoo3Or6",mharisman,in
Thu Apr 13 21:16:22 +0000 2023,1057240909,"Semakin mampu bertahan dari badai resesi global dengan adanya UU Cipta Kerja
#CiptaKerja #UUCiptaKerja #DukungUUCiptaker #CiptakerSejahterakanRakyat #CiptakerMembangunIndonesia #PertumbuhanEkonomi #PemulihanEkonomiNasional #EkonomiIndonesia #SurgaInvestasi https://t.co/MSywDJaeQ1",Vhienaiueo,in
Wed Apr 05 03:17:08 +0000 2023,9.16E+17,"RUU uda di tangan Dewan, knp malah nyuruh Presiden buat Perpu? 
Kalo DPR cuma jadi pajangan, ga mampu mensahkan RUU ya ga apa2 DPR bubarin aja, drpd abis2in anggaran, nanti baru segalanya pake Perpu! 
Di gaji di kasih tunjangan belum Reses masih ga mau memenuhi keinginan rakyat!",Fita_Shanty,in
Thu Mar 30 15:16:38 +0000 2023,1349689818,"@arifin34533 @alextham878 @PDI_Perjuangan Hormati ! ğŸ‘ğŸ»
Emang pdip sdg reses sejak 24 Okt 2019
Setelah 4tahun + ttd host city agreement tiba2 nongol bicara TOLAK https://t.co/EnolgKXLqZ",hoLLpath,in
Mon Apr 03 15:59:36 +0000 2023,4326839355,"Jika saja Menkopolhukam dan Presiden Jokowi mau dan berani mengeluarkan Perpu UU Perampasan Aset maka dana hasil tindak pidana sejumlah Rp 349 T di Kemenkeu itu langsung saja dirampas utk negara.Bisa utk bangun jembatan dn jalan yg rusak,angkat tenaga P3K,angkat Nakes dan guruâ€¦",BennyHarmanID,in
Thu Apr 13 02:41:13 +0000 2023,9.76E+17,"Ay Yg Dari Dulu Suka Beli Dan Koleksi Tupperware ğŸ˜
Karena Emak Gak Suka Model Plastik ğŸ¤£
Lumayan Jadi Member Dapat Potongan 30 %
Katanya Garansi Seumur Hidup
Rusak / Pecah Gak Di Ganti Kebanyakan Ay Buang
Mo Bangkrut Mungkin Menuju Resesi,, Kurang BerInovasi Juga.. https://t.co/igLALGmYSf",Taurus_new9,in
Fri Apr 14 10:05:46 +0000 2023,2413697946,"#TemanPemilih, Inspektur Utama Setjen KPU, Nanang Priyatna hadir mendampingi Kunjungan Kerja Reses Anggota Komisi II DPR RI ke Pemerintah Kota Bekasi, Provinsi Jawa Barat, di Kantor Walikota Bekasi, Jumat (14/4/2023). https://t.co/yAxctk72MF",KPU_ID,in
Tue Apr 18 14:45:43 +0000 2023,1.59E+18,Indonesia Kemungkinan besar akan aman dari resesi #golkarindonesia #airlanggahartarto #pemiluserentak2024 #prabowo #aniesbaswedan #wakilrakyat #prabowo #presidenjokowi #puanmaharani #resesi #JHOPE #younggirls https://t.co/LdkNLgmTUh,langkah_nyata,in
Sat Apr 22 17:27:04 +0000 2023,1.30E+18,"@SydSalesman Diliat dari tren sebelumnya, TFR di Indo pernah beberapa kali stagnan di angka 2,6. Dibandingin sama Jepang yg taun 2020 TFR nya 1,34, otomatis Indo masih jauh banget buat mencapai resesi seks walaupun mulai banyak keluarga yg cuma mau anaknya satu https://t.co/x2KOyHKEXF",mamangkesborrr,in
Thu Apr 06 03:52:44 +0000 2023,1.53E+18,". 
Agak aneh..... â—
. 
Klo buat bantuan di dapil mu kan sudah ada dana reses... 
Ngapain lagi minta sumbangan.. 
. 
. 
. 
https://t.co/jrn58lleTH https://t.co/4pH3ye0YSI",BlueNeo81,in
Tue Apr 18 07:31:14 +0000 2023,1521159020,"Baca artikel lengkapnya:

https://t.co/FrGef4kOoX",magdaleneid,in
Sat Apr 08 06:07:10 +0000 2023,105085302,"Ribuan Sekolah Ditutup, Jepang Dilanda Resesi Seks, Angka Kelahiran Minim.

Lama2 bisa punah nih Jepang. Klo Indonesia jauhlah dr resesi seks.

Makanya gaes klo ada org bininya dua jgn dicibir, mestinya kita syukuri, spy Indonesia jauh dr kepunahan! ğŸ˜‚ğŸ˜‚ğŸ˜‚",bachrum_achmadi,in
Tue Apr 11 06:28:35 +0000 2023,342730325,"Saya bertemu dgn warga Kebayoran Lama Selatan, Petukangan Selatan &amp; Petukangan Utara dalam giat Reses Serap Aspirasi. Semoga bermanfaat &amp; mempererat silaturahmi.

@AgusYudhoyono @PDemokrat 
@RAMujiyono @PDemokratjkt 
@MelaniLSuharli 

#DemokratBersamaWarga
#PerubahanDanPerbaikan https://t.co/EhQPy3cKKW",alimuhsuharli,in
Tue Apr 18 13:31:36 +0000 2023,1.47E+18,"""Kami mendengar, Kami Bekerja"" Reses Sis Melly Pangestu -DPRD Kota Semarang Masa Sidang I , bersama konstituen Dapil 1 Kec. Semarang Tengah, Semarang Timur &amp; Semarang Utara. (16/04)

@psi_id @psi_jawatengah @kokokdirgantoro @yulizuardirais @elchanatmadja @MikhaRDK @bayu_romawan https://t.co/qeUTRe9MRt",psi_dpdkotasmrg,in
Thu Apr 06 04:05:59 +0000 2023,62831377,"Ada satu #PisauJelek a la chinese cleaver. Perlu proses sehari untuk pengasahan, pemolesan ulang, cuci, dan penjahitan sarung kulit.

Bobot: 503 gram
Lebar: sekitar 9 cm
Panjang bilah: 19,5 cm
Panjang total: 33 cm

Harga normal: 870 rb
Harga resesi (baca: BU): 600 rb saja. https://t.co/Yo9hmdkKSQ",IFnubia,in
Sat Apr 08 04:58:15 +0000 2023,1.48E+18,"UU Cipta Kerja diperlukan untuk mengantisipasi tantangan situasi resesi global, peningkatan inflasi, kemudian ancaman stagflasi
#TegakkanHukum
#KPK-RI
#UndangUndan https://t.co/5zomOhg7es",infosemar3,in
Tue Apr 04 21:29:41 +0000 2023,103910267,"RUU Perampasan aset ribet kek gini, giliran RUU Kesehatan Omnibus, blm saja proses dimulai sdh banyak draft beredar, juga tolak2an tdk akui draft yg beredar, skrg prosesnya cepat amat yaak... Jangan2 sebelum reses ini sdh ketok palu jadi UU Kesehatan... DPR ama Menkes pacu cepat",nirwan_anestesi,in
Tue Apr 04 14:31:54 +0000 2023,4326839355,Masih ttg RUU Perampasan Aset.Siapa yg salah? Jangan suka cuci tangan dan lempar tanggungjawab apalagi menyudutkan DPR. RUU Perampasan Aset itu masuk prioritas Prolegnas 2023 yng sudah disepakati bersama dgn DPR di Baleg.Artinya DPR setuju. Dan disepakati yang akan mengajukanâ€¦,BennyHarmanID,in
Fri Apr 21 13:14:02 +0000 2023,1.64E+18,"Reses di Dumai, Jon Erizal Pastikan Kompensasi Pertamina untuk Masyarakat Tempatan - Riau Makmur https://t.co/ANZ0AfrN6t",Riaumakmurcom,in
Fri Apr 14 10:05:48 +0000 2023,2413697946,"Kunjungan kerja reses yang dipimpin oleh Anggota Komisi II DPR RI, Yanuar Prihatin ini dalam rangka untuk mengetahui sejauh mana pelaksanaan tahapan pemilu yang sedangâ€” https://t.co/US2qnHM52F",KPU_ID,in
Sun Apr 23 14:54:06 +0000 2023,68331085,"Seharusnya anggota dewan (dan pejabat lainnya) meniru Mas Taufik; flexing buku-buku yang dilahap.

Bukan foto-foto kunker di luar ngeri atau reses yang bannernya pakai kalimat normatif dan gak membumi.

ğŸ¤ŒğŸ»",Stakof,in
Sun Apr 02 12:55:14 +0000 2023,1.61E+18,"Ditengah sulitnya cari kerja di Negeri Sendiri. Apalagi ancaman Resesi 2023. Tiga Avsec Bandara Soetta malah dipecat grgr Takzim kpd Gurunya yang mrpkn ULAMA.
.
Astagfirullah, di bulan penuh berkah ini 3 orang Avsec kehilangan pekerjaannya, gmn nasib anak dan istrinya dirumahğŸ˜” https://t.co/PDmeXEFidg",MasUchiha_,in
Wed Apr 19 14:52:18 +0000 2023,1240246405,"Wow.... Top. Disaat katanya Dunia resesi eh negara tercinta bahan Bakar malah turun?. Keren abis ni presidennya. #indonesiamaju

Btw. Jgn kejang2 drun. Nikmati itu bbm turun https://t.co/30rgDeUfyD",BugBunny1076,in
Sun Apr 09 06:38:03 +0000 2023,1.18E+18,"KULIAH MALAM BERSAMA GURU BESAR FEB UGMğŸ’«

Ceramah Tarawih 
[Ahad, 9 April 2023] 
ğŸ“š ""Menakar Resiliensi Sistem Ekonomi Nasional di Tengah Ancaman Resesi Global"" 
ğŸ‘³ğŸ»â€â™‚ï¸ Prof. Wihana Kirana Jaya, https://t.co/VW85xOpp6i., Ph.D.
(Guru Besar FEB UGM) 

#Ramadan29SKS
#JadiPemimpin https://t.co/v3D4Nq2pDc",masjidkampusugm,in
Mon Apr 24 11:34:57 +0000 2023,57261519,"Ada sejumlah kalangan yang memprediksi 2023 menjadi tahun yang penuh kegelapan bagi perekonomian global. Lantas bagaimana kontribusi yang bisa dilakukan ekonomi syariah dalam mengawal Indonesia melewati ancaman Resesi 2023? 

Saksikan #ECSpecialRamadan episode â€œPELUANG EKONOMIâ€¦ https://t.co/9UXv0Dwxyn",Metro_TV,in
Sat Apr 08 15:49:28 +0000 2023,1.57E+18,"Terpantau THR tersalurkan dengan baik. Jalanan dan Mall, full. Well done Pengusaha, Pemerintah, dan para Pemberi pekerjaan. Perekonomian dipastikan bisa berputar dengan cukup baik beberapa malam terakhir. Resesi masih jauh dari nampak. Indonesia anti resesi ğŸ¤˜ğŸ”¥ğŸ’ªğŸ’ª https://t.co/T6JjuoEb2U",edogawabosen,in
Wed Apr 12 04:50:39 +0000 2023,1.54E+18,"Pengamat masalah perempuan, anak, dan generasi dr. Arum Harjanti menilai ada banyak faktor penyebab terjadinya resesi seks di Jepang. ""Salah satunya adalah mahalnya biaya hidup yang akan membuat beban hidup bertambah jika punya anak,"" jelasnya.

https://t.co/MgL2Mw26q3 https://t.co/C3ZK3a8doa",sunscreen1453,in
Wed Apr 05 02:22:38 +0000 2023,1.34E+18,resesi jadi apa ngk shm!,Saham_fess,in
Sat Apr 22 03:35:27 +0000 2023,1.03E+18,"Banyak banget anak kecilğŸ˜­
Resesi sex what https://t.co/PBRQFCRFER",handytiga,in
Fri Apr 14 05:46:06 +0000 2023,1.53E+18,"Dari ADP, JOLTS,NFP, CPI, data gembel,lalu PPI. Itu sudah cukup bukti bahwa AS resesi. 

Sekarang Retail sales data juga minus. Bulan lalu udah minus sekarang udah minus lagi. 

Dahlah, ntar malam bitcoin akan naik lagi. Selama tidak ada yg aneh aneh, misalnya Powell nganu. https://t.co/DxXwhYE5Qv",hoteliercrypto,in
Thu Apr 20 23:23:01 +0000 2023,1.20E+18,Katanya resesi tp musim mudik macetnya masih panjang walau udah ditambahin lajurnya jd one wayğŸ¤ª https://t.co/m5Ds0zxkfB,sumanti_novi,in
Thu Mar 30 12:02:31 +0000 2023,89855607,Mengunjungi perbaikan pintu air yang diajukan ketika reses (serap aspirasi masyarakat) di gang pandan RW 05 kedoya selatan (berbatasan dengan kembangan) Jakarta Barat sudah mengurangi banjir tetapi tidak maksimal (masih ada genangan) https://t.co/MGEdBWlVpW,imadya,in
Sun Apr 23 03:15:24 +0000 2023,1.63E+18,Dampak resesi ekonomi https://t.co/Zlljkm1bXq,nibayy123,in
Tue Apr 18 09:25:56 +0000 2023,1.50E+18,cara ini juga bisa   menjadi pencegahan terjadi resesi di Indonesia #ArsjadRasjid   #InklusifKolaboratif #Digitalisasi https://t.co/oVWNk0Ig51,RifqiIzhar,in
Sun Apr 23 09:34:32 +0000 2023,101372511,"Hari ini adlh Hari Buku Sedunia (World Book and Copyright Day). Di hari terakhir ramadhan hingga lebaran dimulai sy pindahan perpustakaan hingga kini belum selesai juga. Nanti usai berlebaran ria lanjut beres2 lagi.

#buku #books #haribuku #haribukusedunia #perpustakaan #library https://t.co/rYTirXEBPI",taufikbasari,in
Tue Apr 18 00:04:11 +0000 2023,1.23E+18,"Patut dipertanyakan 
Ke anggota dewan @DPR_RI dapil Lampung
Juga DPRD Lampung

Ada dana Reses unk menyerap aspirasi konstituen, apa waktu Reses ga ada yg mengadu soal jalan? 

Nah sekarang Bima menyalurkan Aspirasi, malah dipolisi ğŸ¤¦â€â™€",lysavana1,in
Mon Apr 10 11:22:14 +0000 2023,50169839,@tanyakanrl padaahal akhir 2022 kmrn yg nakutin 2023 resesi siapaaa coba. giliran masyarakat nahan uang skrg malah bingung.,sociotrack,in
Sat Apr 22 02:55:11 +0000 2023,469270350,Yg dipikirin resesi sex nya doang.... lo dongo sekaliiii,aaarnoeyh,in
Thu Apr 06 07:52:56 +0000 2023,17128975,FOTO: Sekolah-sekolah di Jepang Tutup Imbas Resesi Seks https://t.co/pQJ2gKY7CH,CNNIndonesia,in
Thu Apr 13 23:04:49 +0000 2023,9.64E+17,@tanyakanrl Bukannya lagi resesi ekonomi juga ya? Di tempatku jg yg kerja bangunan udh bbrapa bulan ini banyak yg nganggur/sepi kerjaan. Sama kayak kerjaan lainnya juga.,GoldsLucks,in
Sat Apr 22 03:07:47 +0000 2023,484432654,"Ngomongin kok resesi sex tanpa pendukung yg valid
Selama pengguna m1cht, akun fwbes, akun alter masih menjamur ga usah ngmg resesi sex
Takut itu sama generasi yg ga berkualitas krn ga dapet pendidikan dan nutrisi yg memadai",PetraisMe,in
Wed Apr 19 07:25:50 +0000 2023,1.59E+18,TUJUAN UU CIPTA KERJA UNTUK MENCEGAH RESESI. PERPPU AKAN MENGISI KEKOSONGAN HUKUM UNTUK PEMULIHAN EKONOMI NASIONAL SEHINGGA DAPAT TERWUJUDNYA KEMAKMURAN UNTUK RAKYAT INDONESIA.  #UUCiptaKerja #DukungUUCiptaker #CiptakerSejahterakanRakyat #CiptakerMembangunIndonesia https://t.co/oH9L3zniv4,charliecici3010,in
Tue Apr 11 04:00:01 +0000 2023,1.18E+18,"Soal Ancaman Resesi Global, Guru Besar FEB UGM Sebut Indonesia Butuh Paradigma Baru

Menurutnya, pandemi menjadi momentum di mana ketimpangan dan ketidakadilan semakin kentara sehingga dibutuhkan sistem ekonomi nasional yang inklusif.

https://t.co/y3gsKZtRo7 https://t.co/R3eykl90WZ",masjidkampusugm,in
Sun Apr 23 11:19:20 +0000 2023,1.17E+18,"Tahun ini terpantau THR sedikit banget, apakah tanda resesi???",k4rtik4tik,in
Sat Apr 22 01:38:22 +0000 2023,72495297,@musslihuddin @primawansatrio Mending resesi sex daripada bonus demografi isinya orang tolol semua,ceterayadayada,in
Sat Apr 22 04:18:02 +0000 2023,536149754,"Aku uda bolak-balik bilang, ga ada di Indo ini resesi sex atau resesi punya anak. Kemarin aja viral anak 8 ga bisa kasih makan, barusan ya komen mas ini jadi tanda. Soal financial stable sebenernya tuh ga melulu duitnya, tapi egonya. Udah itu.",heheurfavbeach,in
Sat Apr 22 09:02:23 +0000 2023,1.24E+18,Kasian banget masnya lebih takut Indo kena resesi sex daripada ngeliat banyak anak lahir di dunia dengan background keluarga yg â€œhancurâ€ perkara finansial ga stabil ğŸ« ,ssunflowchild,in
Fri Apr 14 08:13:56 +0000 2023,347089613,"BMKG melakukan Pendampingan Kunjungan Kerja Reses Komisi V DPR RI dalam Peninjauan Kesiapan Infrastruktur dan Transportasi untuk Mendukung Penyelenggaraan Mudik Lebaran 2023/1444 H, di Terminal Leuwipanjang dan Stasiun Kereta Api Bandung (Jum'at, 14 April 2023) https://t.co/dpTSSHK0KR",BMKGBandung,in
Wed Apr 19 03:30:00 +0000 2023,7.22E+17,"Reses Di Soppeng, Supriansa Merasa Kembali Ke Tanah Kelahiran
#airlanggahartarto #airlanggapemersatu #airlanggauntukindonesia #partaigolkar #golkarpedia #golkarsolid #AirlanggaPresiden
https://t.co/367b46ZhBp",golkarpedia,in
Mon Apr 17 08:29:05 +0000 2023,1.64E+18,"Reses di Dumai, Jon Erizal Pastikan Kompensasi Pertamina untuk Masyarakat Tempatan
https://t.co/ANZ0AfrN6t",Riaumakmurcom,in
Mon Apr 24 17:29:12 +0000 2023,1341957810,Berat emang resesi sampe sampe kuntilanak harus nyolong ayam buat makan,versusepribadi,in
Mon Apr 17 05:57:25 +0000 2023,1.23E+18,"Dilaporkan oleh pegawai kantor Gubernur 

Kata Dajjal, apa termasuk hinaan? https://t.co/3ScqufeAlN",lysavana1,in
Mon Apr 24 17:20:19 +0000 2023,28536061,"kuntilanak pemakan ternak &gt; musang makan ternak
.
kalo hewan ternak berisik, baiknya dicek siapa tau dapet moment kaya si bapak ini. https://t.co/nQi1degftS",Amaaisan,in
Sun Apr 23 10:05:17 +0000 2023,453773772,"Isi otak cewe setelah mendengar jawaban Novia
C Bucin : kurang apa gw?Ternyata tipe Jeffrey beginian
C akselerasi : no time to OVT the past, skrg cuan3x krn 2023 dah masuk th resesi
C psiko : masa ninggalin gw demi anak SD yg belum mens pasti ada sesuatu #takdircintayangkupilih",namae_rina,in
Sun Apr 02 05:45:55 +0000 2023,1.39E+18,"Lagi rame ya? Dulu jaman minshow balutannya atas nama ketua DPR RI acaranya dibubarinğŸ¤£
Setau minshow kalo utk kepentingan pendidikan politik hrs ada undangan dr kampus dan harus mengundang beberapa parpol
Ada yg tau konteks reses nya?
@tskfess @UNSILMENFESS https://t.co/ouKkIskoRD",mailradioshow,in
Fri Apr 21 22:58:10 +0000 2023,234682839,@primawansatrio Financial stable? Sampai kapan? Nunggu indonesia resesi sex kek jepan korea dulu kah?,musslihuddin,in
Wed Apr 05 08:26:30 +0000 2023,1.60E+18,@detikcom Beda bgt ya ma UU CILAKA OMNIBUSLAW yg rumit dan sulit dalam waktu singkat kelar walau harus dibatalkan MK. Terus saja kalian lempar2an siapa yg gak mau tuntaskan RUU PENYITAAN ASET KORUPTOR sampai masa reses berikutnya nanti abis reses lalu lempar2an lagi tau2 wkt udh gak cukup. https://t.co/Ag4GIIANxZ,Yedi_ExTKI,in
Tue Apr 18 06:42:45 +0000 2023,1.47E+18,"""Kami Mendengar Kami Bekerja"". Aleg PSI DPRD Kota Semaran, Bro Narendra Keswara mengadakan giat Reses di wilayah Dapil 2 yang Meliputi Kecamatan Pedurungan, Gayamsari &amp; Genuk. 

@psi_id @psi_jawatengah @kokokdirgantoro @yulizuardirais @elchanatmadja @MikhaRDK @bayu_romawan â¬ https://t.co/F8Ym14Kvy6",psi_dpdkotasmrg,in
Fri Apr 21 14:22:59 +0000 2023,771830528,"Ini sungguh gawat, kita benar"" sedang dalam kondisi resesi ekonomi, grup wa menjelang idulfitri banyak yang minta THR, sama sekali tidak ada info bagi"" THR, isine do njalooookkk kabeh, lek kabeh do njalok lha seng ngkeki sopo jeh~",tuqinmukay,in
Mon Apr 24 14:39:22 +0000 2023,1.11E+18,thr tahun ini menurun drastis resesi is real guys,FourFourFiras,in
Mon Apr 10 13:04:45 +0000 2023,108182215,"@PartaiSocmed Mulai berontokan,smntara korupsi smakin menjadi dipemerintahan,andai uang korupsi itu bs dimanfaatkan buat membantu sektor swasta yg berdampak dr resesi dunia ini",indrahwk,in
Mon Apr 24 09:05:45 +0000 2023,238091066,Pengamat: Resesi AS Akan Datang https://t.co/JCEoToLMuJ,InvestorID,in
Fri Apr 21 15:47:12 +0000 2023,2795656290,"Masuk akal kalau melihat resesi akhir tahun ini.
THE FED sudah menaikan suku bunga dengan maksimum, sekarang sebesar 5,0%.
Bisnis dan konsumen tidak harus berurusan lagi dg suku bunga jangka pendek kayak gini dalam 15 tahun.",adarmawan26,in
Mon Apr 24 00:19:53 +0000 2023,98407444,"@investorgabut Tenang guys, teguh lagi gabut. Jangan dipikir terlalu kencang. Ada thr much better daripada tidak ada. Better inflasi karena demand bertumbuh daripada stagflasi atau bahkan resesi karena tidak ada pertumbuhan permintaan barang dan jasa.",ricardo_bobby,in
Wed Apr 19 19:50:00 +0000 2023,1.21E+18,"ğŸ§‘â€ğŸ“ kalian ada yg masih ga hafal sama arti kata dari istilah gitu ga si? :((( kayak degradasi, resesi, kontestasi, aneksasi",sbmptnfess,in
Sat Apr 22 01:36:04 +0000 2023,1.44E+18,bang ampe 2045 juga kaga bakal resesi sex ni negara,sseradol,in
Sun Apr 09 11:25:00 +0000 2023,69183155,"Wah! Pemerintah Indonesia menerima hibah kurma dari Raja Salman dari Kerajaan Saudi nih detikers. Jumlah kurma yang dihibahkan seberat 100 ton.
https://t.co/GjXBUFDenX",detikcom,in
Sat Apr 22 02:00:18 +0000 2023,1.52E+18,indo? resesi sex ğŸ¤£?? tuh smp udah pada hamil wkwkw gws,eunchaeturu,in
Mon Apr 10 04:47:34 +0000 2023,1.13E+18,"Kasih ke anggota dewan tuh buat reses ke dapil, gantinya sarung...",Jackmarpaung99,in
Sat Apr 22 06:01:27 +0000 2023,1.52E+18,mending resesi sex dari pada overpopulasi tp isinya goblok goblok karena ortunya gamampu ngasih anak makan bergizi,pretzeIove,in
Fri Apr 21 10:12:09 +0000 2023,1.52E+18,depok resesi duluan apa gmn dah? mahal2 bgt anjg makanan minuman pinggir jalan,owray_,in
Fri Apr 21 22:58:10 +0000 2023,234682839,@primawansatrio Financial stable? Sampai kapan? Nunggu indonesia resesi sex kek jepan korea dulu kah?,musslihuddin,in
Thu Apr 06 14:54:52 +0000 2023,7.36E+17,"Ditengah2 kondisi ekonomi Amerika yg riskan resesi, ekspor Boeing anjlok karena ditinggalkan China.

Seluruh sanksi2 perdagangan dan teknologi terberat sudah diberikan Amerika pada China, tetapi tetap saja angin kemajuan tidak lagi bertiup di Amerika.
https://t.co/9fM56eFHg0",Mentimoen,in
Mon Apr 24 06:54:20 +0000 2023,8.47E+17,"Resesi Seks Kian Dekat, Sudah Sampai Negara Tetangga RI https://t.co/2u6pfRunQw",cnbcindonesia,in
Mon Apr 24 15:05:16 +0000 2023,8.47E+17,"Pelaku Pasar Kini 'Berdoa' Agar Terjadi Resesi, Kok Bisa? https://t.co/tEja86BkYZ",cnbcindonesia,in
Fri Apr 21 16:36:08 +0000 2023,119691957,"Bom Waktu Resesi AS Siap Meledak, Awas Kejatuhan Bursa! https://t.co/t7McC5j20M",aewin86,in
Mon Apr 24 10:25:12 +0000 2023,8.47E+17,"Pemain Saham Hati-hati, 'Hantu' Resesi Masih Gentayangan Lho! https://t.co/1yiHZJL7ee",cnbcindonesia,in
Sun Apr 23 16:26:19 +0000 2023,1.48E+18,"@moonareas kalian yang suka overthinking, apa yang kalian overthinkingin?",PRIORITl,in
Sat Apr 22 17:35:59 +0000 2023,1.40E+18,gw rasa butuh ratusan tahun buat indonesia terkena resesi sex dengan maupun tanpa prinsip â€œfinancially stable before having kidsâ€,hidropanik,in
Wed Apr 05 11:45:36 +0000 2023,1.27E+18,"Pemerintah kini tengah menyiapkan DIM untuk pembahasan RUU PPRT. Koalisi masyarakat sipil mendesak agar pemerintah segera merampungkan pembahasan sebelum masa reses DPR RI, 13 April 2023 ini. Maka harus ada terobosan-terobosan yang tak mengamburkan waktu. https://t.co/IogaeXQqfP",konde_co,in
Sun Apr 23 21:25:25 +0000 2023,7.84E+17,ekonomi resesi,ovatioln,in
Fri Apr 21 13:26:15 +0000 2023,193997863,"Abis nganterin anak beli mixue, jalanan masih macetttt dari depan gang.. ada yg pawai, ada yg nyerbu toko kue toko sepatu toko baju.. blom cukup keknya yg kemaren beli... resesi apa itu resesi",daffana,in
Fri Apr 21 18:53:38 +0000 2023,1.38E+18,5 Bisnis Cuan Saat Resesi 2023 yang Patut Dicoba! https://t.co/UOOGjEKyGw https://t.co/GEFRbRTZDF,Fortune_IDN,in
Sun Apr 09 09:44:15 +0000 2023,1.48E+18,"Haai, Juned disini dan setelah sekian lama aku bakal coba streaming lagi. Kali ini kita bakal bahas tentang resesi lagi yang kayaknya berdasarkan prediksi beberapa orang, ahli dan influencer2 ada tanda2 nya.

link : https://t.co/WsOaelVsJ4 https://t.co/yPHQJOKPOL",arjuna_cp_,in
Sun Apr 23 12:57:58 +0000 2023,1.46E+18,@affahiyhhhhhhhh Reses keknya gabut+kangen dehh,iniiisiinyawww,in
Sat Apr 22 03:03:11 +0000 2023,2837419952,"Belajar lagi penyebab resesi penduduk di Jepang dan Korea. Hal itu complex dan berhubungan antar satu dan lainnya. 
Klw mau argumen bgni, setidaknya liat dlu faktanya lalu lihat keadaan di Indo. 
Jumlah pernikahan anak masih banyak bahkan ibu usia muda bertebaran",evivamore,in
Sat Apr 22 09:38:49 +0000 2023,2444964518,@YudhisAfiat Wth is resesi sek,Metafalk,in
Thu Apr 13 05:07:11 +0000 2023,91255162,"Anggota DPR RI F-PKS menghadiri Rapat Paripurna Penutupan Masa Persidangan IV Tahun Sidang 2022-2023.

Setelah menutup masa sidang ini, seluruh Anggota DPR RI F-PKS akan turun langsung ke daerah pemilihan masing-masing guna melakukan reses dalam rangka menyerap aspirasi rakyat. https://t.co/pNMf6qDjUw",FPKSDPRRI,in
Sat Apr 22 08:33:52 +0000 2023,1.05E+18,Jancok kenapa sepupu-sepupu gue yang umurnya 14-17an ini bahas resesi seks,YudhisAfiat,in
Sat Apr 22 10:21:45 +0000 2023,8.83E+17,"""Jepang sex"" itu sebenernya buat riset kebijakan Shinzo Abe dalam menangani resesi seks jadi kalem aja nderğŸ‘",threevelation,in
Thu Apr 20 21:58:23 +0000 2023,1.39E+18,"JUST IN: ğŸ‡ºğŸ‡¸ Former President Trump says the US will have a ""big recession very soon."" https://t.co/gJCSG3Zlio",WatcherGuru,in
Sat Apr 22 03:33:31 +0000 2023,1.37E+18,"Indo kok resesi sek, masyarakatnya aja masih tabu soal sex edu cuaks",ruenium,in
Sat Apr 08 22:16:00 +0000 2023,384176072,"Bahwa benar permintaan untuk segala hal mulai dari smartphone hingga komputer pribadi telah berkurang di tengah kekhawatiran akan resesi global, menyebabkan penurunan tajam baik dalam harga maupun permintaan chip memori, tetapi ini hanya alasan yg dangkal.",Vendra_Deje,in
Sat Apr 22 01:40:43 +0000 2023,9.32E+17,"@klereichwald gwe akan nonstop ngeseks, pioneer utama pencegah resesi seks",hoesamo,in
Fri Apr 21 04:36:30 +0000 2023,1.24E+18,"18!
Yg udah pada nikah, kalian cemburu gk kalo suami suka nonton bokep tanpa sepengetahuan istri https://t.co/tGZ6kFQUQr",18fesss,in
Sun Apr 23 06:41:00 +0000 2023,2438340056,@hoteliercrypto Sbenernya amerika udh r3sesi belum sih bli ?? Narasinya dari tahun kmren bakal resesi tpi gk resesi resesi....,ridwanhadinoor,in
Sat Apr 22 03:44:07 +0000 2023,1.02E+18,indonesia gak bakal kena resesi sex ğŸ˜‚,criesinthesky,in
Thu Apr 06 07:56:39 +0000 2023,7.24E+17,"06/04/2023 Kepala SKIPM Palembang mendampingi Kunjungan Kerja Masa Reses Anggota Komisi IV DPR RI Ibu Riezky Aprilia di Kota Palembang
@pamujilestari_bkipm
@bkipm_kkp
@yoyokfibri

#KKPThrive #EkonomiBiru #KKPGOID #MenteriKKP #SaktiWahyuTrenggono #BerkembangPesat https://t.co/YysVHXudcs",bkipm_palembang,in
Fri Apr 21 22:58:10 +0000 2023,234682839,@primawansatrio Financial stable? Sampai kapan? Nunggu indonesia resesi sex kek jepan korea dulu kah?,musslihuddin,in
Sun Apr 23 06:14:16 +0000 2023,77594183,apakah lebaran ini rangorang pada kena resesi ğŸ¤”,rotiduaa,in
Mon Apr 10 23:05:16 +0000 2023,8.47E+17,Awas! Duet Fed &amp; Resesi Bisa Bikin Pasar Modal Global Rungkad https://t.co/zJH1vRkNxa,cnbcindonesia,in
Tue Apr 18 11:59:04 +0000 2023,567950720,Ini Analisa Pakar Perdagangan Berjangka Komoditi Hadapi Isu Resesi di Tahun 2023 https://t.co/rCW91V9kVs https://t.co/IzTunNgSTH,irwanmapparenta,in
Sat Apr 22 08:57:30 +0000 2023,1.24E+18,indonesia BUTUH resesi sex tolol,momofsunshines,in
Fri Apr 21 02:48:17 +0000 2023,1.47E+18,AS yg katanya di gadang gadang tidak akan terkena dampak RESESI malahan sebaliknya ğŸ¤ª,cryptondo,in
Mon Apr 24 13:24:18 +0000 2023,3244218800,@Migran_TV_7777 + resesi ditengah pesta (katanya),dhaniblehhors,in
Sun Apr 23 12:16:06 +0000 2023,9.00E+17,"bonus demografi segede ini masih mikirin ""nunggu indonesia resesi sex dulu kah?"" pdhl poinnya bukan itu.
poin dr merencanakan financial stable adalah sbg salah satu ikhtiar bahwa org tua mampu bertanggung jawab penuh atas hak-hak anak, ga malah main asal ""rezeki udah diatur"".",booblebee_,in
Sat Apr 22 11:11:37 +0000 2023,1.10E+18,BisaÂ²nya kepikiran Indonesia resesi sexğŸ˜­ğŸ˜­ğŸ˜­ğŸ˜­ğŸ˜­,sseuretanevoli,in
Fri Apr 21 09:21:36 +0000 2023,104823513,"Gue udah mute kara kunci â€˜unpopular opinionâ€™, but this one deserved a spotlight.
Dulu gue dan istri menunda punya anak setahun setelah pernikahan, salah satu alasan nya karena mau nge-stabilin finansial dulu.",primawansatrio,in
Sun Apr 23 12:12:19 +0000 2023,1.48E+18,"@RamliRizal Sedih kalo diceritakan ya pak, rakyat di takutÂ²i resesi ekonomi (banyak menabung/padahal akan memperlambat putaran ekonomi) mempercepat resesi, uang ditabung dipakai orang yang punya akses buat ambil,2024 uang ga bisa diambil alsan resesi, BLBI jilid kesekian akhirnya buat modal?",Arto56717673,in
Sat Apr 22 02:42:52 +0000 2023,1.42E+18,"heran repnya banyakan laki-laki yg ngomongin soal â€œya kan rejeki udh ada yg ngaturâ€ â€œtrs nanti resesi sex gmn?â€ â€œnanti kejar2an apalagi perempuanâ€

pls bgt twit masnya bagus repnya bikin senewen 

MASIH LEBARAN INI YA ALLAH",naksirhoshi,in
Sat Apr 22 01:13:04 +0000 2023,241794598,"Lagi rame sama berita resesi seks di berbagai dunia, apakah ini kampanye untuk menyeimbangkan jumlah manusia agar tidak overpopulasi?

Btw, kabar superfood dari mikroalga, jamur dkk gimana ya?",fariz_kamal,in
Mon Apr 17 09:56:00 +0000 2023,36321448,Kedinginan. Sepi. Ngga ada Indomaret. Ngga ada Gojek. Mau ngobrol sama tetangga ngga bisa bahasanya. Pada akhirnya 48 juta ngga ada artinya dibanding sinar matahari sepanjang tahun dan cocote tonggo.. https://t.co/jtNnLYOBkJ,fajarnugros,in
Wed Apr 19 09:30:19 +0000 2023,1.33E+18,Korea Selatan Mulai Masuki Jurang Resesi https://t.co/OQ1q4NKTlb https://t.co/OHhPiYduny,bisnisindo_id,in
Sat Apr 22 00:00:15 +0000 2023,1.64E+18,@musslihuddin @primawansatrio Resesi seks tai anjing org indo pada maniak seks semua,DynamicHowl,in
Mon Apr 17 17:32:17 +0000 2023,1.08E+18,"makin kesini resesi sex diluar makin terlihat nyata...

di kita mah malah banyak kejadian misal udah tunangan sama si A eh tbtb doinya udah aweoweoeoeoeoeo sm org lain.
jadi gw anggap gamungkin lah Indonesia resesi sex.",bukanakunkb,in
Fri Apr 21 23:30:14 +0000 2023,8.47E+17,"Resesi Menjauh dari Amerika, Wall Street Ijo Royo-Royo https://t.co/EEdCDseDe1",cnbcindonesia,in
Tue Apr 18 11:38:00 +0000 2023,2783746813,"Harga komoditas global pun mengalami fluktuasi yang signifikan pada tahun 2023. Apa yang menyebabkan perekonomian global tumbuh lambat pada tahun ini? Simak selengkapnya pada infografis berikut

#ekonomiglobal #komoditas #resesi #ekonomi #COREinsight #COREIndonesia https://t.co/77ashph1dC",COREIndonesia,in
Tue Apr 18 14:08:04 +0000 2023,2651450636,"Ngga perlu suka sama @jokowi ...
Ngga perlu sama pandangan dengan pendukung jokowi...
Namun setidaknya bersyukur saja negeri ini masih ada yang ngurusin sehingga jauh dari kemungkinan resesi 1-2tahun ini.
(Jadi inget kalo di pemerintahan ""yang lalu"" ada istilah negeri autopilot) https://t.co/EDpRnHV5fu",CaoHerry,in
Tue Apr 18 15:10:00 +0000 2023,1.29E+18,@herilatief Jauh dari resesi ya bang,di_ramala,in
Mon Apr 24 13:59:58 +0000 2023,8.88E+17,"Jepang mengalami apa yang disebut 'resesi seks'. Males nge-seks, enggan punya anak yang berakibat anjloknya demografi di Jepang.
https://t.co/kXmim5lH03",aripapndi,in
Thu Apr 20 16:01:12 +0000 2023,1.29E+18,"@BuayaUbanan ğŸ¤£ğŸ¤£ğŸ¤£ğŸ¤£
OTW jepang ahhh resesi disana",Manse_Mangat,in
Fri Apr 21 00:41:03 +0000 2023,47596019,"Hanya Minyak Anjlok 2 Persen ke 81,10 per Barel Imbas Kekhawatiran Resesi https://t.co/MmmSELvLZm",liputan6dotcom,in
Thu Apr 20 10:23:53 +0000 2023,1.48E+18,"Ada yg panik BTC nembus 30k
Reseeeeehhhhh, setelah Feds ga laku sekarang giliran Inggris inflasi. Emang sih diramal IMF bakalan alami resesi terbesar.

Tunggu aja bandringan berikutnya, tembus 32k keknya untuk nembus ke 35k.",CimitNarendra,in
Fri Apr 21 22:58:10 +0000 2023,234682839,@primawansatrio Financial stable? Sampai kapan? Nunggu indonesia resesi sex kek jepan korea dulu kah?,musslihuddin,in
Mon Apr 17 06:59:14 +0000 2023,1.24E+18,"ğŸŸ¦#Lithium carbonate for batteries fell by 5,000 yuan per tonne on April 17, average price down to 187,500 yuan per tonne.
ğŸŸ¥Industrial-grade lithium carbonate dropped by 12,500 yuan/tonne, with an average price of 140,000 yuan/tonne.
#China #EV
Down for the 55th consecutive day. https://t.co/axKuZYmczo",Sino_Market,in
Wed Apr 19 06:06:59 +0000 2023,215099720,"Bayangkan Bigway di Los Angeles, makanan supermarket benar-benar dibagikan begitu saja! Dan semua orang saling tersenyum dan bertanya bagaimana kabarnya. Seberapa keren orang Amerika? https://t.co/PLWsD3YaB4",bdleonanda,in
Wed Apr 19 11:49:57 +0000 2023,269216739,USA resesi nih,basaheh,in
Sat Apr 22 11:56:08 +0000 2023,1667766218,@ebenejeer Simulasi menghadapi resesi katanya,elbrons_p,in
Mon Apr 17 13:11:14 +0000 2023,255809652,"Ga worth it beli kendaraan listrik saat ini. Ntar taun depan resesi, makin flash sale",lucaxyzz,in
Fri Apr 21 12:03:20 +0000 2023,902829997,"singkirin dulu masalah politik, konspirasi, resesi, sepak bola. hari ini moment tepat untuk kembali fitrah merasakan dekap hangat bersama keluarga.",yusufrmunifff,in
Mon Apr 24 05:00:01 +0000 2023,4187275698,"Direktur Celios, Bhima Yudhistira memperkirakan, uang beredar di daerah akan mencapai Rp50-67 triliun selama mudik lebaran. 

Angka ini didasarkan pada kenaikan mobilitas masyarakat yang mendorong belanja di momen lebaran.

https://t.co/1plJwBdnE8",TirtoID,in
Sat Apr 22 01:59:47 +0000 2023,993002827,@malesdiJKT Resesi meme,anwarbaribrahim,in
Mon Apr 24 05:26:17 +0000 2023,314358010,@curlynotion Kn lg resesi jd gak belanja lagi,ladiswiar,in
Sun Apr 23 16:37:32 +0000 2023,1.14E+18,Arek lanang sng jaluk dikancani smpek finansial e stabil iku saiki lagi resesi ta?,gusti3226,in
Sat Apr 22 01:01:52 +0000 2023,60020781,"Org yg mau nunda punya anak, ini org malah yg repot sendiri mikirin resesi sex. Padahal di Indo udh membludak penduduknya",pheeebsbffay,in
Fri Apr 21 05:39:40 +0000 2023,1.41E+18,Harga Minyak Terbebani Kekhawatiran Resesi dan Permintaan Rendah https://t.co/7Uxzw438CR https://t.co/PJBoUnu8HR,DataindonesiaId,in
Tue Apr 04 02:44:02 +0000 2023,88876470,@gusbayu Ini Bukan resesi seks pada menolak hamil,arifinpribadi,in
Tue Apr 18 00:45:58 +0000 2023,8.47E+17,"Suram, Negara Kaya Eropa Ini Terancam Masuk Jurang Resesi https://t.co/ea08Ovixaq",cnbcindonesia,in
Sat Apr 22 02:46:36 +0000 2023,1.20E+18,"Resesi sex apanya, orang anak yg lahir di luar nikah aja masih banyak",greyfrst,in
Tue Apr 04 10:20:59 +0000 2023,55327439,"Jepang Resesi Seks, Sekolah Tutup karena Kekurangan Murid
https://t.co/NcVBphqeJg",kaorinusantara,in
Tue Apr 18 10:19:01 +0000 2023,1.45E+18,@affahiyhhhhhhhh Khusus reses bayar sih,jaehxneybhie,in
Fri Mar 31 20:07:23 +0000 2023,629800493,"Open donasi ini nantinya akan diperuntukkan bagi kebutuhan hidup Bu Atip dan Reyhan, terutama di biaya Pendidikan Reyhan. Buat kamu yang punya rezeki lebih, kamu bisa bantu donasi lewat link ini ya

LINK DONASI:
https://t.co/Ws9ADMAZI8 https://t.co/lsFHrVMnk7",ozimarzuki,in
Sun Apr 23 16:42:06 +0000 2023,4576378632,"@devandrahg Pertumbuhan ekonomi 2023 diprakirakan tetap kuat pada kisaran 4,5-5,3%, didorong oleh peningkatan permintaan domestik, baik konsumsi rumah tangga maupun investasi. Indonesia termasuk negara yang juga diramalkan akan mengalami resesi ekonomi. Menteri Keuangan Sri Mulyani â€”",aylanvn,in
Mon Apr 24 02:15:08 +0000 2023,118646322,Harga minyak anjlok ke level terendah sejak Maret 2023 akibat pasokan berlebih dan isu resesi ekonomi Amerika Serikat (AS). https://t.co/SzCBfF96Kx,Bisniscom,in
Fri Apr 21 22:58:10 +0000 2023,234682839,@primawansatrio Financial stable? Sampai kapan? Nunggu indonesia resesi sex kek jepan korea dulu kah?,musslihuddin,in
Wed Apr 12 00:11:32 +0000 2023,23786106,"Jepang, Negara Maju yang Terancam Punah karena Resesi Seks https://t.co/R6ZGdUjYpL",kompasiana,in
Sat Apr 22 13:40:59 +0000 2023,1.26E+18,"@tanyarlfes Kalo dirasa memberatkan lu ga usah lanjut. Jaman begini utamain gedein nabung dan invest buat jaga2, lg resesi layoff dimana2, sama jgn lupa nyenengin diri sndri dan keluarga. Cari pacar yg se visi, biar lu nya ga boncos terus. Baru pacar udah nuntut ini itu mah ngapain dilanjut.",sadisticjelly,in
Fri Mar 31 05:16:36 +0000 2023,1.23E+18,"Petik Pelajaran Berharga dari Kasus SVB, Dirut BRI Sebut Potensi Resesi Indonesia Hanya 2 Persen di TahunÂ 2023 https://t.co/ihQpxrB5Ka",keuangannews_id,in
Sat Apr 22 01:04:05 +0000 2023,1.41E+18,"barusan minggu lalu ada konten pasangan punya anak 8, dan gue yakin ga cuma mereka yang begitu. dan elu bisa bisanya takut indo resesi anak?? untung gue kaga merayakan lebaran jadi bisa ngucap tolol sepuasnya ke orang kek gini.",jichugeulis,in
Sat Apr 01 13:51:04 +0000 2023,1.08E+18,"Masa resesi mulai banyak ni yg open donasi...
U know la smart people mesti ngapain",smmvv0,in
Mon Apr 24 05:44:46 +0000 2023,424232106,halo apa kabar resesi yang dikoar koar awal taun kmren ?,fiphanseptian,in
Sat Apr 22 03:27:58 +0000 2023,1964037788,"Indonesia udah banyak penduduk gini kamu malah khawatir sama resesi sex. Mikirnya kejauhan ğŸ™‚

Noh, di Indonesia ini masih banyak kasus stunting. Harusnya kamu mikirin ini dulu.",salsaparilla__,in
Mon Apr 03 06:46:53 +0000 2023,1.16E+18,"Resesi seks seperti yang terjadi di China saat ini, berimbas pada penurunan populasi suatu negara, karena kondisi rendahnya angka perkawinan dan keengganan untuk berhubungan seks.",catchmeupid,in
Sat Apr 22 12:16:17 +0000 2023,99456418,@elbrons_p resesi itu apa bang Maguire?,ebenejeer,in
Mon Apr 24 04:19:54 +0000 2023,589359711,@weabooakut Segs doang mah ga resesi a wkwkwk yang resesi hasil segsnya wkwkwkwk.,emeyola,in
Sat Apr 22 11:09:18 +0000 2023,1.01E+18,bagus kalau resesi,terazonawr,in
Sat Apr 22 06:51:57 +0000 2023,131720346,"Senjata makan tuan karena pejabat sana yg mendukung soal covid dan vaksin 

https://t.co/sgEABxihlf",jondivar,in
Mon Apr 24 03:54:01 +0000 2023,70828230,"@tawazunikhlas Sudah begini, bahkan ketika ekonomi Indonesia diinjak rem hingga menjadi resesi akibat Covid-19, dan mau gak mau harus nambah hutang

Perdagangan kembali menjadi SURPLUS selama lebih dari 35 bulan, oleh komoditas

Dan hutang Indonesia terjaga di sekitar 40% PDB

Luarbiasa bukan?",dawiguna,in
Sat Apr 22 13:02:02 +0000 2023,255356099,"@uwanurwan Hmm better than this question :
Bagaimana dampak resesi US terhadap ekonomi Indonesia? 

ğŸ˜",Oline_BMI,in
Mon Apr 24 05:09:19 +0000 2023,608761767,"@ardibhironx Semoga di tahun yg katanya resesi ini kita semua diberi kesehatan, supaya bisa kerja..cari uang biar bisa bayar makan tanpa harus mematikan rejeki orang lain ğŸ™ğŸ»ğŸ˜Š",justcallme_ay,in
Thu Apr 20 16:40:02 +0000 2023,238455648,"@lustfullylxna Nabung gak pernah diajarkan dalam Islam. Padahal level masuk toilet aja ada.
Biar ekonomi ttp muter jangan nabung, terus boros.",belagapinter,in
Sat Apr 22 01:26:57 +0000 2023,775857619,"resesi sek resesi sek, anak sma aja banyak yg......ğŸ˜…",wimbledeon,in
Sun Apr 23 06:47:57 +0000 2023,1.12E+18,"Saya katakan bhw bagi rakyat, Bima lbh ""bernilai"" dibandingkan dg puluhan ribu anggota DPRD dan rarusan anggota DPR yg digaji dari uang rakyat tapi tdk perjuangkan kepentingan rakyat.
Ayo anak muda lainnya - jadilah pejuang kepentingan rakyat spt Bima.
https://t.co/pHXeNaH2Sw",msaid_didu,in
Sun Apr 23 16:31:21 +0000 2023,259455790,"Gaji anggota DPR
gaji 15 juta / bln
Tunjangan 59 juta / bln
Uang Reses  450 juta x 5 / thn
Uang Dapil 150 juta x 8 / thn
Total 4,338,000.000 / thn
Mau dong...!",uunk89,in
Thu Apr 20 16:41:39 +0000 2023,1.20E+18,Dan menyelamatkan Indonesia dari resesi ğŸ‘,lustfullylxna,in
Sat Apr 22 00:45:17 +0000 2023,1.02E+18,"ckckck, resesi sex? banyak noh tetangga gua yang punya anak lebih dari tiga tapi kebingungan mikirin anaknya besok dikasih makan apa. Masa iya, berkah dari Tuhan ga kamu rawat baik baik dengan ngasih makan bergizi, pendidikan yang baik, dll hanya karena mencegah resesi sex? malu",idcrlp,in
Sun Apr 16 10:04:00 +0000 2023,22126902,"Peluang resesi Inggris mencapai 75 persen, New Zealand 70 persen, dan AS 65 persen. https://t.co/MMzzaKqyeu",republikaonline,in
Sat Apr 22 00:14:33 +0000 2023,713997872,"BAHAHAHA WHAT A LAUGHING STOCK ğŸ¤£

mohon maaf nih ye tapi Indo? Resesi sex? touch some grass dude",RainyGalaxy27,in
Mon Apr 24 11:02:01 +0000 2023,1.59E+18,@Blackburger_28 Reses lebaran malah rebutan rengginang,hambaauloh,in
Fri Apr 21 22:58:10 +0000 2023,234682839,@primawansatrio Financial stable? Sampai kapan? Nunggu indonesia resesi sex kek jepan korea dulu kah?,musslihuddin,in
Sat Apr 22 05:52:02 +0000 2023,1.17E+18,"Udah rame mus
Tadi aku qrt pas shalat eid
Pikiran kayak kamu masih banyak, jadi ya gk bakal resesi",fallin_autum,in
Sun Apr 23 06:58:23 +0000 2023,1.31E+18,"@Hazelnutxha Mungkin dia ngerti penyebab resesi sex, ngerti arti sekolah, dan ngerti financial stable",jariIloo,in
Sun Apr 23 07:07:26 +0000 2023,3150881269,"@RWati65 @STresnowat1 waduh mbak, kalo ga hutang kita susah nglewatin masa2 sulit covid-19 dan keluar dari jurang resesi 2023, hutang memang gabagus, tp kalo hutangnya produktif buat jaga perekonomian mau gmna lagi. toh negara jepang yg maju pun juga banyak hutangnya",JojieYusufa,in
Sun Apr 23 12:39:10 +0000 2023,1.59E+18,"@liittlecokiez Ini udah diseretğŸ˜­. Udah bahas politik sampe resesi ini, bentar lagi udah bisa maju jadi dewan perwakilan renjunğŸ¤Œ",awankuning23,in
Fri Apr 21 15:36:33 +0000 2023,8.47E+17,"Bom Waktu Resesi AS Siap Meledak, Awas Kejatuhan Bursa! https://t.co/kw9OLUGZwH",cnbcindonesia,in
Mon Apr 24 12:59:17 +0000 2023,59975231,@ridwanhr sesuailah di zaman resesi ini,herkamp,in
Sat Apr 22 01:41:58 +0000 2023,291002450,"@mamitigakucing Ada yg jawab resesi sex segala ğŸ¤£
Susah emg klo otak isinya ngewe mulu",rezaelfanisa,in
Thu Apr 20 21:06:21 +0000 2023,37834427,"Jam 4.03 Danang Suryadi ngomongin resesi buahahahahahaha 

Katanya jgn ke mall mulu, jgn banyak2 ngeluarin uang.. ya Allah bocah 8th ğŸ¤£

Kemaren malem ngomenin gw sama Abi kr demen ngumpulin uang buat main â€œuangnya dikumpulin tu buat bikin usaha, bkn buat ke Jepangâ€ 

ğŸ«£ğŸ¤£ğŸ¤£ğŸ¤£",iestea,in
Mon Apr 24 05:23:01 +0000 2023,1.49E+18,@JNurahma Ini Penyebab Ekonomi Indonesia Tetap Kuat Meski Badai Resesi Makin Besar #EkonomiKuat,MelaBudiman,in
Sat Apr 22 00:34:13 +0000 2023,1.43E+18,"RESESI SEX? AWOKWOKWOK, kaki aja ada fetish nya ğŸ˜ƒ",1orever,in
Mon Apr 03 08:53:32 +0000 2023,41555849,"@detikcom Resesi seks ga tepat, mgk yg sesuai resesi keturunan. Gw rasa org jepang bukan ga mau nge-seks tp ga mau hamil biar pny keturunan.
Milih kalimat yg sesuailah. Kalau resesi sex artinya orang tdk mau berhubungan sex.",kwaci,in
Mon Apr 24 04:01:32 +0000 2023,8.75E+17,Masa reses bisa dimanfaatkan pemilih di dapil untuk beri masukan agar diperjuangkan oleh legislator. https://t.co/z3srsV6XPB,validnewsid,in
Mon Apr 24 11:00:26 +0000 2023,1.58E+18,@tteokcheek atp gw ga heran kalo dunia gajadi resesi,smolmingoo,in
Sat Apr 22 13:55:10 +0000 2023,1.54E+18,@detikcom Indikator : Resesi Berat Dunia!,AdhinkFadillah,in
Mon Apr 24 09:16:40 +0000 2023,183271016,"@BetaEpsilonPhi Ya emang gitu, apalagi kalo nemenin anggota dipiirdi reses atau peninjauan lapangan. Elus2 dada bawaannya.ğŸ¤£",azizajis,in
Fri Apr 21 11:12:57 +0000 2023,1.54E+18,"""Biasanya, ketika #komoditas Anda runtuh dengan kecepatan ini di masa lalu, #Fed telah melakukan pelonggaran, dan mereka masih waspada terhadap itu,"" kata ahli strategi tersebut. #ratehikes #resesi",bf_idtwt,in
Sun Apr 02 02:26:35 +0000 2023,1.10E+18,"@giginpraginanto Kl urusan subsidi, bencana, dll langsung ngaku miskin. Tapi kl urusan proyek langsung ngaku kaya meski berhutang kemana2. 

Makelar di pemerintahan sakaw uang infrastruktur. Tdk peduli negara sedang defisit, resesi dan pandemi.",Om_HME,in
Fri Apr 21 22:58:10 +0000 2023,234682839,@primawansatrio Financial stable? Sampai kapan? Nunggu indonesia resesi sex kek jepan korea dulu kah?,musslihuddin,in
Fri Apr 21 08:55:08 +0000 2023,8.95E+17,Kegiatan Reses Dr.H.Sutrisno Komisi IV DPR - RI Fraksi PDIP dan Sapari Ramadhan Dapil IX https://t.co/Nd5PC7UIU3 https://t.co/9MhD6XoPHl,esatucomnews,in
Sun Apr 23 20:12:02 +0000 2023,1.30E+18,"@UGM_FESS jangan dulu, indonesia masih resesi",Siapajala1,in
Sat Apr 22 00:43:05 +0000 2023,9.36E+17,Ga bakal resesi sex lol,everydayisevd,in
Thu Mar 30 14:06:48 +0000 2023,19237217,"Indikasi negara dalam negara. @DPR_RI  dg langgamnya, kementrian dan lembaga podo. Masing2 dg kuasanya. Rakyat tak diurus entah kapan daya belinya naik, tapi dipajakin makin banyak dan tinggi. Untung alam masih menumbuhkan Genjer di got jadi kt jauh dr resesi.",iwanpiliang7,in
Mon Apr 24 13:23:13 +0000 2023,1.47E+18,"@sbmptnfess mengurangi pengeluaran (p) &gt; perputaran ekonomi melambat (q) &gt; mengarah pada resesi (r)

A : q &gt; r, tapi blm tentu p
B : ~q &gt; ~p, tapi blm tentu ngga r

harusnya kalo dia bahas ekonomi kuat jadinya ngga relevan gasih krn negara b belum tentu dia ngga resesi. menurutku e, cmiiw",NAJUUWWW,in
Thu Mar 30 13:28:16 +0000 2023,1359196153,"@iwanpiliang7 @DitjenPajakRI @KemenkeuRI Setelah nonton RDP DPR,kata pak @mohmahfudmd sulit sekali pembuktian TPPU, benarkah begitu?",sugest_27,in
Sun Apr 23 00:28:47 +0000 2023,762550952,"resesi sex resesi sex, MIKIR ANAK LU KASIH MAKAN YG BENER DULU TOLOL",bonbonxjpg,in
Mon Apr 24 04:15:41 +0000 2023,8.47E+17,"Resesi Seks di Jepang Makin Ngeri, Banyak Sekolah yang Tutup! https://t.co/NHm9p3vNVT",cnbcindonesia,in
Mon Apr 24 11:10:00 +0000 2023,1.57E+18,"Resesi seks di Jepang semakin mengerikan, banyak sekolah harus tutup! https://t.co/rj5ZFJKt3z https://t.co/MYcyrT9pMe",Redaksiku_Media,in
Thu Apr 13 01:56:46 +0000 2023,201965045,"Di dalam laporan meeting terakhir, FEd memperkirakan ada ""resesi ringan"" di tahun 2023 karena krisis bank

Fed juga menyatakan target kenaikan suku bunga lebih rendah karena krisis bank tersebut. 

Potensi Fed pivot lebih cepat?
https://t.co/mj1mNa7d5A",desmondwira,in
Fri Apr 21 02:45:02 +0000 2023,43799886,Kekhawatiran Resesi Membuat Bursa Saham Asia Berada di Jalur Penurunan Mingguan https://t.co/OAeArOzRsW #BursaAsia,KontanNews,in
Mon Apr 03 12:48:11 +0000 2023,8.25E+17,"@detikcom Bukan resesi seks tp resesi kelahiran

Di sini pun klo pola ekonomi nya seperti di Jepang mungkin akan terjadi hal yang sama seperti di Jepang",sumantr97736936,in
Wed Apr 12 19:40:11 +0000 2023,2483100236,"Indonesia really made the wrong decision going with Chinese funding &amp; route alignment for their HSR. The main reason they picked China over Japan was the lack of govt loan guarantee, now China is asking for the the loan guarantee they tried to avoid. Jokowi really fumbled here. https://t.co/zLhgOK37n0",TonamiPlayman,in
Sun Apr 23 12:40:06 +0000 2023,1.59E+18,@mejagambar @tanyakanrl Menyikapi resesi yang fitri ini ğŸ¥°,hambaauloh,in
Mon Apr 17 07:20:43 +0000 2023,88352716,"Aura positif menyinari pasar keuangan Indonesia. 

Ketika ekonomi dunia khawatir akan datangnya resesi dan cekikan inflasi tinggi, pasar keuangan Indonesia tampil sebagai alternatif tempat berinvestasi.

#MajalahTempo 

https://t.co/u9i5bhGRHc",temponewsroom,in
Mon Apr 24 05:18:36 +0000 2023,624098329,@soohyunee @18fesss Brp lama resesi sexnya?,abankriki,in
Sat Apr 22 11:49:21 +0000 2023,53914468,"@WalinHuda Wah benar juga Lek
Nanti bisa kita bahas lagi via japri lek
Masih banyak waktu luang selama masa reses ini lek.",firzazr,in
Sun Apr 23 14:33:07 +0000 2023,305657272,Harga Minyak Jatuh Terseret Kekhawatiran Resesi AS https://t.co/rue5nhy3Lp,ilhamiasnawi,in
Sun Apr 23 07:04:58 +0000 2023,1.44E+18,"@ridwanhadinoor @hoteliercrypto Amerika pintar membuat drama untuk menutupi pailid nya negara,  dari akhir taun lalu juga udh bisa dibilang resesi.. Terlihat dari di ubah nya definisi resesi oleh amerika",cryptotjitrap,in
Sun Apr 23 07:54:26 +0000 2023,9.61E+17,"@hoteliercrypto Jika dunia resesi, crypto juga akan jatuh dulu. Mana mungkin makro ekonomi jelek crypto bisa naik, mau g mau crypto selalu ngekor saham.",MarlBlack1,in
Sun Apr 23 08:43:55 +0000 2023,1.33E+18,"@ridwanhadinoor @hoteliercrypto Klo dari postingannya HC. Seharusnya mereka resesi dan inflasi cukup tinggi, tapi mereka menolak mengakui itu",adrianto_i,in
Sat Apr 22 05:26:49 +0000 2023,888893588,Kapan indo resesi sex aku sangat menantikan hari itu,soohyunee,in
Sat Apr 22 16:08:36 +0000 2023,1.17E+18,@_mardial_ Hanya lagu dangdut yang mengajarkan gua arti resesi dunia pertama kali,devillandme,in
Sat Apr 22 09:05:34 +0000 2023,1.29E+18,ya bagus kalo indo akhirnya 'resesi sex',waenggbin,in
Thu Apr 13 03:42:08 +0000 2023,1.33E+18,"Pantesan kita diwanti wanti mau resesi, resesinya uda direncanakan",teamAsuka02,in
Fri Apr 21 22:58:10 +0000 2023,234682839,@primawansatrio Financial stable? Sampai kapan? Nunggu indonesia resesi sex kek jepan korea dulu kah?,musslihuddin,in
Wed Apr 19 13:32:44 +0000 2023,1098049040,Resesi banget kah ini? Wkwkowkwowkw,arawiindak,in
Sun Apr 23 13:38:35 +0000 2023,1.41E+18,"resesi pada tahun 2023 hal ini dikarenakan kenaikan suku bunga acuan bank sentral di beberapa negara secara bersamaan, yang kemudian hal ini akan memperlambat pertumbuhan ekonomi, maka dari itu dapat di peroyeksikan bahwa sejumlah negara akan menghadapi resesi, dapat kita lihat",Fatur48151349,in
Tue Apr 18 14:15:45 +0000 2023,397673651,"Hal ini disampaikan Novita saat Kunjungan Kerja Reses Komisi V DPR dalam rangka meninjau kesiapan mudik lebaran 2023 via tol, di Kerawang, Jawa Barat.",Gerindra,in
Mon Apr 24 23:58:21 +0000 2023,465464916,"Gold $3,000 If US Recession (Bloomberg intelligence)

Bloomberg Economics' recession projections telah bergeser dari akhir tahun ke bulan July. Gold akan terus bersinar jika US masuk resesi. Disclaimer on (Bukan ajakan buy hold sell)

âœ…Channel : https://t.co/xBidHQEGRD https://t.co/iCjBVf5Cvx",RIKOPEDIA2008,in
Sat Apr 22 05:22:09 +0000 2023,1.49E+18,@GenZNusantara @abangbelneg @LawTop20 kita pasti mampu melewati resesi global #UMKM,AsokaDea,in
Tue Apr 18 16:48:39 +0000 2023,1032613705,Mau follow overheard keuangan di ig tapi ga jadi karena claim bisa prediksi resesi wakakakakakakakaa ayo kita ketawa dulu,intansfirman,in
Tue Apr 18 20:52:27 +0000 2023,388190238,"6 Negara yang Mengalami Resesi Seks, Banyak dari Asia

https://t.co/QCZZtsGbZE",IDNTimes,in
Mon Apr 24 00:42:53 +0000 2023,418540325,"Analisis Harga WTI: Perjalanan yang Sulit menuju $75,00 karena Kekhawatiran Resesi Semakin Dalam https://t.co/9dhWw17XQx #Oil #WTI #Inflation #CentralBanks #SupportResistance https://t.co/eMBBc7iDPU",fxstreetnewsid,in
Sun Apr 23 01:29:39 +0000 2023,1.53E+18,"@AndiAhm34657650 @Munir_Timur @puanmaharani_ri @jokowi Repelita itu citaÂ² untuk menuju Negara Maju.

Impelemntasinya tidak terlaksana terutama saat resesi ekonomi 97-98.
ğŸ˜‚",RichardVanGobe1,in
Thu Mar 30 02:18:31 +0000 2023,462017199,@kumenyimaksaja Solusi untuk Jepang mengatasi masalah resesi seks,FadhliIman,in
Fri Apr 21 12:35:04 +0000 2023,338307510,"Alhamdulillah lebaran nya rame ğŸ¥°
Udh mirip kaya beberapa tahun ke belakang ,cuma suasana nya emang ada yang beda
Mudah"" an abis lebaran gaada info Covid naik dan resesi lagi
Aamiin ğŸ˜‡",rezamilzam,in
Sat Apr 22 00:55:53 +0000 2023,1925033822,"@primawansatrio @musslihuddin Kocakkkkk, China aja yg penduduknya 1milyar lebih udh mulai khawatir resesi sex...",new_mo_imron,in
Sat Apr 22 05:40:43 +0000 2023,1.60E+18,"@musslihuddin @primawansatrio Yaelah Indonesia Juga Baru Kena Resesi seks tahun 2068
55 Tahun lagi
Yakali Menstabilkan Finansial Sampe 55/56 Thn",FadilSiregarOff,in
Tue Apr 04 02:21:44 +0000 2023,144086531,@tololmeroket Indonesia gak resesi seks ya karena bocah2 tolol kek gini kalii.. Aduh ğŸ˜‚ğŸ¤£,joehelmiy,in
Mon Apr 24 05:11:08 +0000 2023,888893588,@18fesss Ewean mulu kapan resesi sex nya,soohyunee,in
Sat Apr 22 02:12:10 +0000 2023,1.30E+18,Indonesia kalo mau resesi sex masih lama bgt prosesnya bang WKWKWKWKKW paling cepet palingan juga 30 tahun lagi paling mentok 75 tahun lagi kalo semua sepakat childfree. Tapi kan warga kita kagakkkk,puri__nim,in
Sat Apr 22 08:10:22 +0000 2023,1.48E+18,"Indonesia udah sesek banget, ga perlu khawatir bakal resesi sex deh, yang perlu dipikirin tuh mampu ga mencukupi kebutuhan anaknya? Jangan terpaut sama semboyan ""banyak anak banyak rezeki""",wangibigwinsz,in
Mon Apr 24 18:45:52 +0000 2023,1.29E+18,"@RealFlokiInu Us resesi ndo, rokok pada ketengan mereka sekarang",wahyu3181,in
Thu Apr 20 11:58:30 +0000 2023,1.29E+18,"@hoteliercrypto Nantinya bukan ekspor inflasi lagi AS, tapi ekspor resesi ğŸ˜£",prudfre,in
Sun Apr 23 12:25:40 +0000 2023,9.00E+17,"bahkan mikirin Indonesia bakal resesi sex tuh kayanya pemikiran yg masih jauh bgt, krn org kita msh belum mengalami revolusi mental(?). emgnya berapa sih dr kita yg udah sadar kalo financial planning sblm nikah tuh sepenting itu dibandingkan dg mereka yg bondo nekat? ğŸ¤·",booblebee_,in
Mon Apr 24 11:40:11 +0000 2023,1.58E+18,"Reses di Makale, Yariana Somalinggi Tekankan Peningkatan Pembangunan Manusia https://t.co/iRqASocfeE #DPRDTanaToraja #Resesdimakale #YarianaSomalinggi",CTorajachannel,in
Tue Apr 18 08:42:08 +0000 2023,433285446,"Dengar lagu Hindia â€œMasalah Masa Depanâ€ dalam liriknya ada kata resesi dan emisi + Gita Wirjawan. Jiah. Berat sekali untuk didengar menuju libur hari raya dengan pekerjaan segudang ğŸ˜‚. Ok, next -&gt;",cemiit,in
Sat Apr 22 10:26:11 +0000 2023,281439865,"@firzazr Kalau begitu nanti saja kita bahas sambil ngofie, lek. Monggo agendakan, lek. Barangkali umak masih banyak waktu reses di bulan Syawal ini",WalinHuda,in
Sat Apr 22 23:48:28 +0000 2023,1.40E+18,"buat apa punya populasi paling tinggi keempat di dunia tp kualitasnya engga sebanding top 3?? wkwk gausah deh dipikirin resesi sex, itâ€™s not a problem for Indonesia in this decade or in this century",judycardan,in
Fri Apr 21 22:58:10 +0000 2023,234682839,@primawansatrio Financial stable? Sampai kapan? Nunggu indonesia resesi sex kek jepan korea dulu kah?,musslihuddin,in
Sat Apr 22 03:24:27 +0000 2023,1.43E+18,"@musslihuddin @primawansatrio indonesia mah ga akan resesi seks selama masih ada suami doyan ngewe ampe punya anak 11 tapi ga dibiayain, anak ga dikasih makan bergizi, akhirnya stunting.",kentomiyauraaa,in
Sun Apr 23 13:38:34 +0000 2023,1.41E+18,"Dalam ekonomi makro, resesi atau kemerosotan ekonomi adalah kondisi dimana ketika produk domestik bruto (PDB/GDP) atau pertumbuhan ekonomi riil bernilai negatif selama dua kuartal atau lebih dalam satu tahun berturut-turut.Menteri keuangan Sri Mulyani mengatakan bahwa dunia akan",Fatur48151349,in
Fri Apr 21 12:02:49 +0000 2023,1.48E+18,@serendrine pendapat kamu nih soal resesi ekonomi 2023 sama maraknya konser kpop?,bianivans,in
Sat Apr 22 04:05:42 +0000 2023,1.24E+18,"@tubbirfess Kalau harus finansial stable sebelum punya anak it is ok. Tapi kalau harus mengurangi populasi kayaknya ngga dulu.
Karena USA aja yang populasinya banyak tapi maju.
Dibanding Jepang yang maju tapi resesi seks jadi ngaruh ke ekonomi",priharsa,in
Wed Apr 19 16:05:19 +0000 2023,1.28E+18,"Apa unpopular opinion tentang 18+, yang membuat kamu ada di posisi ini? https://t.co/0CgIZZjUpz",txtdarisisange,in
Sun Apr 23 12:54:28 +0000 2023,1.51E+18,"ini ngmginn capres, cipung, resesi, horror indo, horror thailand, bakso, putri salju kok coklat, dll",illusnion,in
Sat Apr 22 11:22:23 +0000 2023,4660046968,"Percaya deh indo ga akan resesi sex atau kekurangan populasi manusia, angka kelahiran aja tinggi tp apa quality life anak anak baik di sini? Coba research lagi.",tartagIiea,in
Wed Apr 19 21:59:48 +0000 2023,569125511,"I just published ""Banyak Anak, Banyak Resesi""

https://t.co/eq8ep2mEJF",egarsuriname,in
Sat Apr 22 02:34:23 +0000 2023,108236531,"Indonesia resesi sex?

Hahahahaha!
Tidak akan selama masih banyak yg hobinya ngurusin hidup orang,
""Kapan nikah?""
""Kapan punya anak?""
""Kapan nambah anak?""
""Umur segini kok belum nikah nanti keburu gak laku""
""Kan baru anak 1, coba anaknya sekian""",SJubaedahp,in
Sat Apr 01 05:16:44 +0000 2023,255866913,"Risiko sekarang ini sudah beranjak dari risiko keuangan ke dalam risiko penurunan ekonomi. Kekacauan aliran kredit perbankan akan menyeret perekonomian ke dalam resesi.

https://t.co/64ZPYyJLH4

 #Internasional #AdadiKompas",hariankompas,in
Sun Apr 23 06:50:42 +0000 2023,1.43E+18,"Imo, ga smpe resesi, bnyk org org yg masih mendewakan prinsip bnyk anak bnyk rezeki, yg anaknya bs 8 anak atau bahkan lebih, lagian ngapain lbh khawatir bgt kena resesi sex drpd khawatir generasi selanjutny bnyk yg stunting dll. MIKIR SIA!",Hazelnutxha,in
Sun Apr 23 10:52:09 +0000 2023,1.53E+18,"Me rn
Makasih yono udah dengerin cerita aku hari ini maaf aku terlalu berisik cerita mulu keknya, makasih udh slalu excited saat aku mau cerita. Love you yonoku ğŸ¤ğŸ¤ğŸ¤ğŸ¥º https://t.co/SIqqyOhb7w",Bimsaaa,in
Wed Apr 19 06:12:34 +0000 2023,1.12E+18,"Reses di Minyambouw, Orgenes Wonggor Serap Aspirasi Dan Ingatkan Bahaya Stunting - https://t.co/9iP1pSjVse

#jagatpapua #beritajagatpapua #beritapapua #beritapapuabarat #updateberitapapua #infopapua #infopapuabarat https://t.co/FiQhyTiKGy",webjagatpapua,in
Thu Apr 20 06:10:54 +0000 2023,163733652,Indonesia perlu resesi seks,firstemper0r,in
Sat Apr 22 02:20:55 +0000 2023,1.18E+18,Halah tai apanya resesi sex wkwkwk.,Athdyra,in
Mon Apr 24 17:54:31 +0000 2023,9.25E+17,Swasembada Beras Menjadi Suar Menghadapi Resesi Global 2023 https://t.co/N8ugADTyvF,batak_indonesia,in
Fri Apr 21 03:59:10 +0000 2023,1.59E+18,"âš¡ ğŸ‡ºğŸ‡¸ @realDonaldTrump  memperingatkan AS akan mengalami ""resesi besar segera"".",SekilasKripto,in
Mon Apr 24 15:59:08 +0000 2023,1.20E+18,@me_Atto @Mniin3 @Trisnohartano @Nrthrnwl20 Tah reses pisan kang,MuhamadAlghif18,in
Sun Apr 23 10:53:10 +0000 2023,9.25E+17,Swasembada Beras Menjadi Suar Menghadapi Resesi Global 2023 https://t.co/N8ugADTyvF,batak_indonesia,in
Fri Apr 21 22:58:10 +0000 2023,234682839,@primawansatrio Financial stable? Sampai kapan? Nunggu indonesia resesi sex kek jepan korea dulu kah?,musslihuddin,in
Sun Apr 23 09:14:36 +0000 2023,72331734,"@Badrebellions @jour_neyyyyyy Padahal ada lagu dangdut dengan judul; nyabu, mbah dukun, keramat, judi, begadang, resesi dunia, tapi lo dengernya lagu tolol. Lo jadi ikut tolol. Awokawok",Namigelkuning,in
Sat Apr 08 12:59:02 +0000 2023,1.63E+18,"@OposisiCerdas Saat ini masih Jokowi Presiden Terbaik, bandingkan dg negara lain saat resesi global spt ini, Indonesia jauh lebih baik, perbanyak literasi Drun lihat negara lain, jg lupa bersyukur, ente muslim kan ?",jehidayat3,in
Fri Apr 21 16:06:55 +0000 2023,38588869,"Raab mendunfurkan diri, ditambah kata Christ Watling bakal ada resesi. #gbpusd mo kemana coba?",yehudamanusama,in
Tue Apr 11 23:02:05 +0000 2023,330676201,"Tapi yang aku dan partnerku obrolin ialah soal â€œgimana ya nasib anak ini nanti ketika dia tumbuh besar di dunia yang berantakan, selalu ada potensi krisis iklim &amp; resesi ekonomi, penuh dengan kekerasan, dkk?â€ 

Persoalan moral dan etika yang kami hadapi ya ada di pertanyaan2 ini.",agniasambara,in
Sat Apr 22 06:39:36 +0000 2023,1.57E+18,@GenZNusantara @abangbelneg @LawTop20 kita pasti mampu melewati resesi global #UMKM,dertaso1,in
Sat Apr 22 02:07:11 +0000 2023,8.63E+17,indo resesi sex butuh brp puluh tahun ğŸ¤£,jenochenle,in
Sat Apr 22 00:59:56 +0000 2023,271718673,penduduk indonesia udh banyak napa lu udah mikir resesi sex segala dah,katirng,in
Mon Apr 03 19:01:55 +0000 2023,1.62E+18,"Diteruskan juga negara semakin hancur, bencana kelaparan tak terhindarkan, negara bisa chaos kalo inflasi tak terkendali akibat resesi ekonomi parah.

Sebaiknya  segera mundur dan berikan jabatan ini  kepada yang lebih mampu.
#MMDPembasmiKoruptor 
#MMDPembasmiKoruptor",Freedoml4ndsatu,in
Sat Apr 22 11:11:22 +0000 2023,501721784,"@RistaNabilla Ampun, thr e ditahan resesi ğŸ™",bastiko_,in
Sun Apr 23 12:27:18 +0000 2023,9.00E+17,"dg mental org Indonesia yg selama ini msh beranggapan ""banyak anak banyak rezeki"" tuh kalo mau sampe resesi sex ya berarti harus ada revolusi mental besar2an, wong skrg aja msh belum banyak kok udah mikir ke sana ğŸ˜… jauh bgt masihan. santay aja dulu masbro.",booblebee_,in
Sun Apr 23 13:38:36 +0000 2023,1.41E+18,"bagaimana nasib ekonomi Indonesia apakah masyarakat akan terdampak dengan adanya resesi ini seperti yang di katakan para influencer finansial? atau mungkin tidak akan berpengaruh?, melalui video dibawah ini kita akan mendapatkan informasi dari 2 ekonom RI",Fatur48151349,in
Sat Apr 22 17:39:13 +0000 2023,1.40E+18,"karena populasinya terlalu bludak dan untuk bikin masyrakatnya punya prinsip itu aja susah. selagi prinsip itu aja susah diterapkan disini, janganlah terlalu jauh berpikir ke resesi sex wkwkwk, apalagi indonesia terpadat ke-4 sedunia, dahlah",hidropanik,in
Wed Apr 19 05:39:13 +0000 2023,534219856,"Komisi IX DPR RI melaksanakan kunjungan kerja reses ke Kabupaten Mimika, Papua Tengah. Salah satu yang turut ditinjau adalah Rumah Sakit Mitra Masyarakat (RSMM), salah satu program tanggung jawab sosial PT Freeport Indonesia (PTFI) di bidang kesehatan di Timika.",MineIndo,in
Fri Apr 21 09:05:07 +0000 2023,8.47E+17,Produk Pilihan Jisoo Bukti Terbaru Orang Kaya Kebal Resesi https://t.co/R3xbTMW7BG,cnbcindonesia,in
Sat Apr 22 01:42:56 +0000 2023,164930001,"@musslihuddin @primawansatrio Gw malah ngarep jdi resesi sex. 
Gerah bgt tiap liat berita membludaknya pelamar kerja untuk kerjaan macem waiter McD doang.
Bayangin ribuan pengangguran itu masing-masing bakal bikin 3 anak lagi....",febrianpm,in
Tue Apr 18 10:38:00 +0000 2023,135795460,"Ekonomi China Tumbuh Melesat 4,5%, Bye-bye Resesi Global? https://t.co/p2bzo5yzy6",detikfinance,in
Mon Apr 24 06:54:16 +0000 2023,1.55E+18,"@OnadTorus @JinNonik Saya murid mahzab John Maynard keynes yg percaya bunga terlalu tinggi mengakibatkan resesi &amp; depresi ekon dunia..zero interest itu ada baiknya, bahkan kita diajari negative interest rate for pertumbuhan ekonomi.nah saat inflasi sebaliknya interest rate tinggi buat kendali inflasi",CunCun86678118,in
Tue Apr 18 08:31:08 +0000 2023,2814280963,Orang Jepang paling kuat ditanya 'kapan nikah? kapan punya anak?' ğŸ˜…ğŸ˜https://t.co/7z7bOuW7XG,kerupvk,in
Thu Apr 13 11:08:07 +0000 2023,1.45E+18,"Reses Michael Edy Hariyanto, SH., MH di Bagorejo, Disambut Antusias Sekali Oleh Warga. https://t.co/Blyy6z7O9y",demokratbwi,in
Sat Apr 22 04:55:57 +0000 2023,1.45E+18,"@affahiyhhhhhhhh Happy eid mubarak juga mbak reses, mohon maaf lahir dan batinğŸ˜‰ğŸ™ğŸ»",jaehxneybhie,in
Sun Apr 09 12:01:04 +0000 2023,7.60E+17,Rupiah yang terus menguat serta kecilnya ketergantungan Indonesia pada perekonomian internasional membuat potensi Indonesia mengalami resesi makin kecil. #publisherstory #pandanganjogja https://t.co/O6WrvJLJc9,kumparan,in
Mon Apr 24 22:58:22 +0000 2023,1.30E+18,"@tanyarlfes AS - China ribut soal perdagangan
Eropa ribut soal pemasukan energi
Jepang ribut soal resesi ekonomi
Wakanda ribut soal agama, agama dan agama teroosss",azwarlnst_,in
Sat Apr 22 07:41:59 +0000 2023,1.21E+18,"@detikcom Sebagian negara resesi sexs sampe penduduk berkurang drastis, sebagian ngewe terus bnykin anak.",rajadau88023942,in
Fri Apr 21 22:58:10 +0000 2023,234682839,@primawansatrio Financial stable? Sampai kapan? Nunggu indonesia resesi sex kek jepan korea dulu kah?,musslihuddin,in
Sat Apr 22 00:28:26 +0000 2023,1489419380,"Indon gk bakalan resesi sex, warga yg rajin beranak pinak jg masih bnyk. Yg ada mah stunting masih butuh diperangi",ohjinggaa,in
Thu Apr 20 04:07:58 +0000 2023,230743138,"Ya gimana lagi,, amrik lg resesi
Auto menguat kan rupiahğŸ¤·â€â™€ï¸",arbablue,in
Sat Apr 22 06:39:33 +0000 2023,1.63E+18,@GenZNusantara @abangbelneg @LawTop20 Ini Penyebab Ekonomi Indonesia Tetap Kuat Meski Badai Resesi Makin Besar #Pariwisata,fgtyiih,in
Sun Apr 23 14:36:50 +0000 2023,282007864,"@BennyHarmanID Hahahaha tipu tipu aja boss. Perubahan untuk menipu rakyat? Rakyat sudah enjoy dgn keadaan saat ini walau ekonomi susah. Jika berkaca negara lain yg sedang bertempur ekonomi setelah pandemi serta resesi dunia, Indonesia terlalu hebat. Giring opini yg sesat bagi kaum oposiai",kopiluwak85,in
Fri Apr 21 03:12:04 +0000 2023,1.20E+18,"Minyak melemah di awal sesi Asia, khawatir resesi dan permintaan lemah https://t.co/rWrltVJGUM",antarabiz,in
Sat Apr 22 04:37:05 +0000 2023,1.57E+18,"mending resesi sex drpd pny anak stunting krn blm mapan, lo tega ngeliat anak lo sendiri jd penyakitan krn lu gamampu buat nyari duit byk? kl gt sm aja lo nyiksa anak lo sendiri",sydneysweetyy,in
Sat Apr 22 07:45:24 +0000 2023,1.62E+18,"Airlangga Menko: Peluang RI Tidak Kena Resesi 97%
https://t.co/0U6nD1hVMr",jennaji37983528,in
Fri Apr 21 00:42:24 +0000 2023,154102750,Harga Minyak Turun 2% karena Kekhawatiran Resesi dan Stok AS Naik https://t.co/dDw4aCl2YY,Beritasatu,in
Sat Apr 22 10:26:23 +0000 2023,1.48E+18,"Selanjutnya, pada tahun 1927, George Lematre juga menurunkan persamaan milik Friedmann yang menyatakan bahwa resesi nebula tersebut diakibatkan oleh alam semesta yang mengembang.",Peachddeonu8,in
Sat Apr 22 03:10:00 +0000 2023,72495297,"@musslihuddin @hotddeok @Beomgyuiscimol @primawansatrio Ya itu hasil bonus demografi, tolol tapi pede. Bener mending resesi sex sekalian biar punah yg modelan begitu, gak ada gunanya.",ceterayadayada,in
Fri Apr 21 03:27:30 +0000 2023,1.06E+18,@Afat3K tante apa kabar tahun kemaren ngasih merah kok sekarang biru? emang kena resesi? resesi tuh apa sih tante?,nuggetcrunchy,in
Sat Apr 22 00:57:22 +0000 2023,1.25E+18,"Anda belum tahu lagunya :
Abiem Ngesti - Bukan Tanda Jasa &amp; Ku Genggam Dunia
Mara karma - Resesi",Lonewizard12,in
Mon Apr 24 05:44:22 +0000 2023,1.15E+18,"@banjarbase amun inya begawi bujur, ada istilah tunjangan
ada jua kena reses mun dpr, ada jua kena hadiah dr dpr tingkat atasan km, ada jua setoran dr bawahan km, program kunjungan kerja jua cuan,
tp amun kada ya bsa jua, ttd minta 15jt, ketuk palu 20jt, senggol ini sekian, dll dah",demonhumanoid,in
Thu Apr 20 13:40:25 +0000 2023,1.36E+18,"@jour_neyyyyyy Musik dangdut adalah musik paling gak kreatif. Karena temanya cuma tentang selingkuh, jatuh cinta, di tinggal mati. Kek enggak ada pembaruan. Masa iya sepanjang hidup si musisi ini galau terus.",pindahakunn_,in
Wed Apr 19 13:46:01 +0000 2023,183217247,"Rupiah menguat, hutang Indonesia turun &amp; harga Pertalite turun.
Walau menggembirakan, ia tidak viral karena tak menimbulkan umpatan.
Kebencian rupanya adalah bahan bakar sesuatu u/ bisa viral.

""Aku mengumpat, maka aku ada"".

Berbahaya sekali https://t.co/JudVMdoqNR",budimandjatmiko,in
Fri Apr 21 04:49:36 +0000 2023,2948309395,Resesi didepan lebaran hahahahHa,w_irdneh,in
Fri Apr 21 22:58:10 +0000 2023,234682839,@primawansatrio Financial stable? Sampai kapan? Nunggu indonesia resesi sex kek jepan korea dulu kah?,musslihuddin,in
Fri Apr 21 03:58:36 +0000 2023,2862109627,"@chyntiaaasari Nahhh keren tuh dia dapet dana aspirasi reses banyak bisa disalurkan kesana abis ntu dia bisa komunikasi sama Pusat baik Kementerian maupun BUMN untuk bantu pembangunan. Abis abis la ntu Pemkab kalah malu, seolah Lucky lah yang banyak bantu Indramayu dimana nasib di Pusat bener2",FelixSGL1,in
Mon Apr 24 13:55:02 +0000 2023,1.22E+18,"4 Penyebab Resesi Seks di Jepang, Negara Ini Bisa Jadi Berikutnya https://t.co/KlrOZPRafv",PRDepok,in
Sun Apr 02 11:28:52 +0000 2023,7.05E+17,@__AnakKolong Siapapun yg ditunjuk oleh pak dhe @jokowi blum tentu menang kalau beliau gagal mengantisipasi dampak resesi global sebagai akibat gejolak ekonomi AS. Kl itu yg terjadi maka oposisi yang akan memenangkan pilpres. IMHO,drawerzhouchean,in
Mon Apr 17 07:46:44 +0000 2023,1.53E+18,"Jika laporan keuangan perusahaan turun, dan saham turun yg berarti ketakutan pasar bahwa S&amp;P 500 belum menyentuh bottom, maka bencana resesi dan tanda tanda The fed melunak sudah dekat. Semenjak The fed naikin suku bunga, 1 triliun$ uang telah ditarik dari bank.",hoteliercrypto,in
Sat Apr 22 03:32:19 +0000 2023,1.22E+18,"@musslihuddin @primawansatrio Idk man, dengan maraknya sex bebas dikalangan sma dan remaja. Kayaknya gk bakal resesi sex di masa mendekat",XymEowow,in
Sun Apr 23 00:56:23 +0000 2023,1.57E+18,"Lupa belum ngetweet ucapan selamat idul fitri. Selamat Idul Fitri, sahabat. Semoga Allah terima semua amal amal ibadah kita. Mohon maaf lahir dan batin.",StickerTxt,in
Sat Apr 15 16:48:48 +0000 2023,44085733,"@gielanggs @deddyhuang_ Banyak orang nahan ngeluarin uang tahun ini, kalaupun jajan lebih ke aset atau investasi.
1. Semua orang dari tahun lalu udah aware soal resesi, geo politik dll, ekonomi masih lesu
2. Banyak PHK
3. PPKM udah ga ada, budget belanja barang pindah ke jasa (mudik, liburan, dll)",bumilautlangit,in
Wed Apr 19 01:03:35 +0000 2023,118646322,Ekonomi Korea Selatan diperkirakan mendekati resesi karena pertumbuhan global yang lebih lambat menghambat ekspor. https://t.co/stQ0ZmdHMc,Bisniscom,in
Sat Apr 08 16:18:46 +0000 2023,89151760,"@yo2thok Kemarin ada yang ngebahas kalo puncak resesi besar US bukan di 2023 tapi bakalan di tahun 2024, makanya banyak negara sudah mulai bergeser untuk acuan mata uangnya tidak tergantung dollar,",_dickyekas,in
Fri Apr 21 15:52:30 +0000 2023,2795656290,"3 bank ambruk karena suku bunga jangka panjang yg naik tajam, dg tanpa adanya persiapan. Ekonom memprediksi resesi di akhir tahun. 
Bgitu juga proyeksi staf THE FED. Kemungkinan kenaikan suku bunga 25BPS di 3 Mei meningkat jadi 87%.",adarmawan26,in
Tue Apr 18 11:00:32 +0000 2023,7.37E+17,Digitalisasi Pasar Tradisional Pacu Kesiapan UMKM Hadapi Resesi  #Digitalisasi #Titipku #Titipku.com #DigitalisasiUMKM #DigitalisasiWarung #AplikasiTitipku #JatiperTitipku #DigitalisasiPasarRakyat #DigitalisasiPasarTradisional https://t.co/nNu5tPPkd0 https://t.co/5bVDUTFvDB,TechnologueID,in
Sun Apr 23 07:51:09 +0000 2023,44546984,@Dprd_Kota_Depok mohon akses informasi lebih terbuka.....saya lihat berita di website hy kunjungan dr aleg DPRD dr daerah lain. kabar reses 0. kemudian bagaimana  mendapatkan informasi tentang  prolegda  yg akan dibahas?,qorihani,in
Tue Apr 18 09:33:50 +0000 2023,163122483,"Kadang2 kesel ama anjing2 ini. Tp kalo udah call ternyata orangnya baik, jadi kasian. Ane kasianan dah. Tp sayangnya kantor udah nutup monetary award gara2 resesi yurop. Jd ane skrg klo dpt award dr anjing2 ini cuma pujian doang, dulu ada duitnya haha. Tai lah emang!",garukoreng,in
Thu Apr 20 05:57:01 +0000 2023,1.15E+18,"@banjarbase menjujuri kursi biar dapat jatah reses wesbang-soshum, biar kawa meatasnamakan rakyat dari desa ..
nitu sudah 2024 ni, yang penting aku ketua komisi, aku ketua banggar, anggaran gasan kunker ada, jangan lupa instansi kedaerahan ttd ku beharga minimal 5jt gasan kabupaten",demonhumanoid,in
Fri Apr 21 05:39:02 +0000 2023,1.49E+18,@dutaSherliana kita pasti mampu melewati resesi global #EkonomiKuat,MalikMeong,in
Mon Apr 17 05:06:52 +0000 2023,2217238730,"@hello_cibi Delapan dan selayang pandang juga  rapat jaraknya. Kalo 'berakal' hrsnya dari jaman ms kerja dan mampu,udah bisa kontrasepsi,gratispun.Anak2 gatau mo resesi mo apa,perut lapar ya hrs makan. Udah gilak ortunya. Bener sih,EGOIS.",ikijenglala,in
Tue Apr 18 07:31:10 +0000 2023,1521159020,"Beberapa waktu lalu, ada akun bisnis membahas soal depopulasi yang terjadi di Jepang-Korsel. 

Tapi, sayangnya, perbincangan yang terjadi justru  menyalahkan perempuan yang katanya terlalu mandiri sampai tak mau menikah. Padahal, masalah depopulasi di sana itu cukup kompleks. https://t.co/DHnDXiaXh3",magdaleneid,in
Tue Apr 18 09:24:04 +0000 2023,24668342,"Soal childfree dan penyusutan populasi. 

""Apakah benar resesi seks di Jepang dan Korea Selatan murni salah perempuan? Apa alasan sebenarnya yang membuat masyarakat Jepang, terutama perempuan enggan berhubungan seksual dan memiliki anak?""",journalin,in
Fri Apr 21 13:05:03 +0000 2023,1.58E+18,"Sepekan Harga Minyak Ambles 6%, Takut AS Resesi https://t.co/7iGbaObTdv",BloombergTZ,in
Sun Apr 23 16:42:17 +0000 2023,4576378632,@devandrahg mengatakan bahwa ekonomi Indonesia tahun 2023 akan jatuh pada jurang resesi. Sementara itu Presiden Joko Widodo juga mengatakan bahwa situasi ekonomi dunia tahun 2023 akan gelap.,aylanvn,in
Sun Apr 16 16:53:59 +0000 2023,451826185,"@txtdrikurir inilah bangsat nya orang2 wakanda, sering ngeluh gak ada duit, apa apa serba mahal, takut menghadapi resesi. giliran belanja online kyk orang kesetanan check out sana sini duitnya ada aja ntah dari mana",sebelum_dit,in
Sun Apr 23 03:05:27 +0000 2023,1.41E+18,Indo resexi sex tuh hal mustahil bgt wkwk. Apalagi banyak yg pke prinsip 'banyak anak banyak rezeki'. Lagian klo indo resesi sex tuh sounds betterğŸ¤­,vsmaidofficial,in
Fri Apr 21 03:29:40 +0000 2023,1.49E+18,@dutaSherliana semoga indonesia tidak terdampak resesi global #UMKM,MelaBudiman,in
Tue Apr 18 13:28:24 +0000 2023,128850910,@ZakyMbarok Sini mah reses sampe tgl 14 Mei wkwk,Drul_Arifin,in
Sat Apr 22 03:51:37 +0000 2023,1.35E+18,kayak indo bakal resesi sex aja wkwkwk,immerjun,in
Sun Apr 23 00:33:33 +0000 2023,762550952,"gausah mikir resesi sex lah, emang lunya aja pgn ngewe doang sama miki punya anak lucu doang tanpa mikir anak lu gizinya bener apa kaga, bisa dikasih pendidikan yg bagus apa kaga
nanti bakal gen sandwich apa kaga",bonbonxjpg,in
Fri Apr 21 22:58:10 +0000 2023,234682839,@primawansatrio Financial stable? Sampai kapan? Nunggu indonesia resesi sex kek jepan korea dulu kah?,musslihuddin,in
Wed Apr 19 08:54:06 +0000 2023,1.33E+18,"udah hancur-hancuran gini di berbagai wilayah, tapi Rupiah nggak juga ada tanda-tanda mau terbang ke 10rb per dolar, kayanya memang fondasinya lemah banget..
memang sudah saatnya serius pembahasan soal #GoldRp bukan seledar wacana tiap mau pemilu..

 https://t.co/gr8i2M52Xh",BangEdiii,in
Thu Apr 20 05:05:41 +0000 2023,1.57E+18,"Tergantung fundamental ekonomi kita bang , dunia masuk resesi dan gold di jadikan asset lindung",EdyDarmaPutera2,in
Sat Apr 22 00:30:58 +0000 2023,113205622,"@DynamicHowl @musslihuddin @primawansatrio Ya emg gt kan tipikal, tukang seks ngmg takut resesi populasi katanya. Perokok kesel ma rokok makany di bakar2 in dan di hisap. Mau ngajak org taubat makanya khotbah di tempat dugem, emg tipikal indo itu, istilah nya munaro munafik sok hero",MiniiiOneee,in
Sat Apr 22 06:17:23 +0000 2023,1.29E+18,"@ceterayadayada @musslihuddin @primawansatrio Mending dari mananya? Paling rentan adalah dari segi pertahanan negara... Ambil contoh jepang, baik resesi atau tingkat pendidikan itu memiliki resiko... Indonesia mampu bertahan di 2008 itu akibat bonus demografi dan ketolong dengan masyarakat pola yg lu anggap mereka tolol.",Kameha_Kameha,in
Tue Apr 18 11:23:14 +0000 2023,305657272,"Ekonomi China Tumbuh Melesat 4,5%, Bye-bye Resesi Global? https://t.co/lOqhF2OZdy",ilhamiasnawi,in
Tue Apr 18 16:36:20 +0000 2023,218357272,"@honeybyuney @heyjaelikeit Dibilangin dia mah ngomong doang resesi, tp duitnya ngalir mulu kaya di oper tuyullll",ciwssx,in
Sat Apr 22 00:39:45 +0000 2023,1.56E+18,indon resesi seks???? YANG BENER AJA LOOOOOOOL,kmgsjww,in
Sun Apr 23 07:28:24 +0000 2023,1.64E+18,"@musslihuddin @primawansatrio Bakal jauh si kalau resesi sex,
Tapi seenggaknya ada upaya buat membuat masy. Indonesia lebih berkualitas ya kan,
Daripada banyak, tapi kagak berkualitas",alvazeta123,in
Sat Apr 22 02:25:03 +0000 2023,1.12E+18,"Pengaruh apabila Amerika resesi terhadap harga Gold
https://t.co/NRC3WeF8t5",ditztyo,in
Thu Apr 06 10:28:15 +0000 2023,60208985,@pengarang_sajak @Mantulmhsn98 Polestar kah maksute? Ini bukannya udah dibeli ğŸ‡¨ğŸ‡³? Cuma mrk gw ikut campur manufacturing nya. Entah kedepan. Merc juga akan pindahin manufacturing facilities k ğŸ‡¨ğŸ‡³ karena 1. Resesi 2. Sulit kalo ngandelin manpower eropa yg mahal 3. Kemungkinan pasar Merc besar d ğŸ‡¨ğŸ‡³,abhimawa,in
Fri Apr 21 05:56:52 +0000 2023,1.14E+18,"@istiraahat @Sinfourth_ Bukannya udh jadi fakta sejarah ya kalau beliau tukang kawin, resesi dan inflasi menghantam ekonomi dan duit habis buat berbagai proyek mercusuar ketika rakyat lapar.",chumaidijusuf,in
Fri Apr 21 03:27:49 +0000 2023,1.49E+18,@dutaSherliana Ini Penyebab Ekonomi Indonesia Tetap Kuat Meski Badai Resesi Makin Besar #Pariwisata,DionWiguna3,in
Thu Apr 20 12:43:18 +0000 2023,43863522,"@hoteliercrypto @FirstSquawk Wow, Elon Musk bilang resesi bisa dipush paling ngga sampai awal tahun depan.. tapi kok data aktualnya kyk gini ğŸ¤¦â€â™‚ï¸",mecomuhammad,in
Fri Apr 21 11:52:17 +0000 2023,1.59E+18,Peran Sentral Manajemen Risiko dalam Mendukung Ketahanan Ekonomi era 5.0 VUCA di Tengah Isu Resesi Global 2023 https://t.co/QRpiilqxab,majalahjakarta,in
Tue Apr 18 07:40:41 +0000 2023,1.57E+18,"@huruf_e @registaco Tetep bukan urusan kita, atau lebih tepat nya bukan urusan gw, Russia serang Ukraina bukan urusan gw, Yunani bangkrut bukan urusan gw, Argentina resesi ekonomi berkali kali bukan urusan gw, urusan gw koq kita udh tanda tangan siap jadi tuan rumah trus ingkar janji.",kasyfillah19,in
Fri Apr 21 22:58:10 +0000 2023,234682839,@primawansatrio Financial stable? Sampai kapan? Nunggu indonesia resesi sex kek jepan korea dulu kah?,musslihuddin,in
Thu Apr 20 23:14:02 +0000 2023,118646322,Harga minyak jatuh hingga lebih dari 2 persen menyusul kemungkinan resesi ekonomi AS dapat mengurangi permintaan bahan bakar. https://t.co/5Ehz0ahChn,Bisniscom,in
Tue Apr 18 18:15:22 +0000 2023,1.25E+18,Satu keuntungan lagi. Indonesia ekonominya bisa dibilang kuat. Kaya resesi kemaren. Secara global udh pada resesi tp di indo masih baik2 aja. Jadi bisa ambil keuntungan tanpa ribet,autobase_reborn,in
Thu Apr 20 01:51:07 +0000 2023,1.50E+18,@JNurahma Ini Penyebab Ekonomi Indonesia Tetap Kuat Meski Badai Resesi Makin Besar #Pariwisata,DhikiAtmaja,in
Wed Apr 19 03:57:04 +0000 2023,1.58E+18,Peluang Resesi di Australia Turun Jadi 35% https://t.co/NAPtgPxMkr,BloombergTZ,in
Thu Apr 20 01:42:34 +0000 2023,8.76E+17,"@aditya_permanaS @kegblgnunfaedh apesiiiâ€¦. suruh jangan jualan aja biar ga ada kegiatan ekonomi, tau ga bahan pokok tiap lebaran harga nya naik berkali-kali lipat? udah gapapa ga usah ada yg jualan biar gaada kegiatan ekonomi supply demand jelek negara resesi ğŸ™ƒ",luvutoomuchh,in
Thu Apr 20 02:24:55 +0000 2023,9.25E+17,Swasembada Beras Menjadi Suar Menghadapi Resesi Global 2023 https://t.co/N8ugADTyvF,batak_indonesia,in
Wed Apr 19 07:48:39 +0000 2023,1.49E+18,@garudadidada10 semoga indonesia tidak terdampak resesi global #Pariwisata,VinaHandayaniii,in
Fri Apr 21 00:11:03 +0000 2023,79130206,"Strategi Pengamanan Resesi Ekonomi, Kemenparerkraf Geber Kolaborasi Antarlembaga #Kemenparekraf https://t.co/mfwM6Ql5nZ",jpnncom,in
Thu Apr 20 04:56:06 +0000 2023,1.63E+18,Reses Anggota DPRD Kabupaten Purworejo Yophi Prabowo di Omahe Tuhadi Andi Mulyono Slewah https://t.co/oc3i1gxyJV #BERITANEWSS,Beritanyainfoo,in
Thu Apr 20 23:04:46 +0000 2023,245627947,Outlook Harian : #Oil turun karena kekhawatiran resesi dan meningkatnya stok bahan bakar AS #USD turun karena data ekonomi yang lebih lemah dari perkiraan mendukung prospek resesi AS https://t.co/Yktjj9hHtf https://t.co/h00jXOMo7A,valbury_futures,in
Sat Apr 22 00:55:36 +0000 2023,635991352,"Komentar bodoh, indon resesi sex palingan kejadian paling cepat 2-3 abad lagi. Tenang aja kalo sekarang yg mau brojol tanpa mikir kayak lo masih banyak (banget)",aranarabingung,in
Fri Apr 21 12:10:08 +0000 2023,1.21E+18,"EH PLIS ğŸ˜­ KALO DI UNIV ABO IBARATNYA LAUT SAMA HATTA INI ALPHA, TAPI HATTA ALPHA DOMINAN TERUS LAUT ALPHA RESESIâ€¦ â€” MASA IYA DIA ALPHA RESESIFğŸ˜­ https://t.co/AVOibRY7fV",ciwozox,in
Wed Apr 19 06:46:24 +0000 2023,1.24E+18,"@driasyusmara @bibeysza_nam @usuallyerudite @ciloqciliq mungkin salah satu pertanyaan yang dia maksud, 
""eh gimana sekarang kabar resesi global?""",loremipsummolor,in
Tue Apr 18 06:18:43 +0000 2023,1.35E+18,"Komisi IX DPR dalam kunjungan kerja reses ke Kabupaten Mimika turut meninjau Rumah Sakit Mitra Masyarakat (RSMM), salah satu program CSR Freeport Indonesia di bidang kesehatan, pada Jumat (14/4).",sisi_paramita,in
Sat Apr 22 02:56:34 +0000 2023,469270350,Tp gpp resesi sex... ud membludak ini manusia di indonesia pffttt,aaarnoeyh,in
Wed Apr 19 15:48:37 +0000 2023,1.07E+18,"dan kita sama"" untuk membangkitkan ekonomi nkri karena sekarang dunia di terpa badai inflasi dan resesi maka dari itu saya ingin ekonomi nkri seperti di negara ğŸ‡¨ğŸ‡³ dan ğŸ‡ºğŸ‡² kita akan membuat sejara ladies and gentlemen",anggerstars,in
Sun Mar 26 17:52:42 +0000 2023,412224263,"@worksfess Dulu sempet mikir gitu tp skrg mikir berulang kali karna resesi yg goyahin banyak perusahaan, ga sedikit temen gw yg kena layoff sblm probation kelar. Nyari aman dulu sih skrg.",xkyuxkyu,in
Tue Apr 18 07:13:07 +0000 2023,201965045,@blueskyyyforus Ekonomi negara maju spt US dan UK memang lagi bermasalah karena inflasi tinggi dll. Sedangkan India bisa bertahan dari resesi karena faktor ekonomi domestiknya yang kuat dan relatif kurang terekspos pada arus perdagangan internasional,desmondwira,in
Wed Apr 19 09:49:10 +0000 2023,95384897,"Kiat-Kiat Trading Forex Saat Resesi - Artikel Forex  
https://t.co/cawAmvHbKY

#seputarforex #kabarforex #analisaforex #artikelforex #beritaforex #tradingforex #traderindonesia #peluangtrading",seputarforex,in
Thu Apr 20 20:05:58 +0000 2023,1.13E+18,@cahayaillahi25 @idextratime riil resesi banh ğŸ˜”ğŸ¤ŒğŸ¼â˜ğŸ½,legiunhilang,in
Thu Apr 20 11:46:01 +0000 2023,7.72E+17,Mau lebaran resign? Kebanyakan orang pasti takut buat resign apalagi tahun ini resesi. Aku tetap memutuskan resign insya allah rezeki udah ada yg ngatur dan habis lebaran dapat kerjaan. Semangattt ğŸ™‚,ddms_11,in
Sat Apr 22 02:17:32 +0000 2023,1.15E+18,@musslihuddin @primawansatrio indonesia masih bnyk pnduduknya mas g prlu khwatir resesi sex ğŸ¤£,cuddleskuy_,in
Tue Apr 18 15:16:26 +0000 2023,1.07E+18,@Junoari Mungkin malah bisa kontribusi mengatasi resesi anu di sana kak,OwnedByPras,in
Fri Apr 21 15:11:31 +0000 2023,2393506171,@yo2thok Kalau Amerika resesi kemungkinan besar dunia juga akan resesi secara Amerika adl konsumen barang retail terbesar didunia,jumalikaalajeng,in
Thu Apr 20 22:31:04 +0000 2023,118646322,Harga emas menguat setelah data ekonomi AS yang lemah memperkuat ekspektasi bahwa negara dengan perekonomian terbesar di dunia itu kemungkinan menuju resesi. https://t.co/qPOt5rQT9C,Bisniscom,in
Tue Apr 18 16:52:57 +0000 2023,1.52E+18,@txtdrimedia Ini yg pernah bahas soal konten resesi bukan ya? Apa w salah org,croflewafle,in
Fri Apr 21 22:58:10 +0000 2023,234682839,@primawansatrio Financial stable? Sampai kapan? Nunggu indonesia resesi sex kek jepan korea dulu kah?,musslihuddin,in
Fri Apr 21 06:29:44 +0000 2023,1.44E+18,Masio lambemu lamis yo ga ngefek gawe resesi dunia ğŸ¤£,angkutsaja,in
Sat Apr 22 06:55:50 +0000 2023,158217828,"@musslihuddin @primawansatrio mnding resesi sex, ga liat skrg anak2 kita kebanyakan kaya gmn? ga ada akhlak",tsalju_,in
Sat Apr 22 03:37:25 +0000 2023,234934680,"@musslihuddin @primawansatrio Gak ada resesi sex di Indonesia. Liat generasi kelahiran 2000-2010, banyak yg nikah muda, hamil duluan, pacaran gaya bebas dll. Kondisi kayak gitu gak bakal bikin resesi sex, yg ada malah banyak kelahiran tdk diinginkan, tidak siap. Endingnya menghasilkan generasi gak bermutu lg.",twitlanesia,in
Wed Apr 19 11:25:16 +0000 2023,46693036,"Anggota Komisi VI DPR dari Fraksi Partai Gerindra, Andre Rosiade menyebut adanya evaluasi layanan mudik 2023 pada Mei 2023, usai masa reses DPR. Untuk sementara, belum ada masalah yang krusial. â€œYa tentu nanti dalam masa sidang Komisi VI DPR nantiâ€¦ https://t.co/8BF9iP1vxD",inilahdotcom,in
Sat Apr 22 03:28:45 +0000 2023,2406290761,mustahil bgt indonesia resesi sex HA HA HA HA orang2 demennya hs cuih,cindercutie,in
Thu Apr 20 02:32:35 +0000 2023,1.63E+18,@FWBESS Topik: Resesi Ekonomi Dunia,putrasepatu88,in
Wed Apr 19 00:50:07 +0000 2023,822805219,"@KompasTV Inflasi....resesi, global. Sad...anyway yuuk beli tiket balapan tamiya!",moshpito,in
Sat Apr 22 01:54:50 +0000 2023,234682839,"@ceterayadayada @primawansatrio Woooow girl its not like thatğŸ˜± Gak segampang itu loh. Kalo resesi sex itu mudah, pemerintah sana gak bakal kelimpungan ngurusinnya. Lagian juga orang tolol banyak tinggal disekolahin ajağŸ¤·â€â™‚ï¸",musslihuddin,in
Mon Apr 24 05:09:26 +0000 2023,1.44E+18,@kayvanca Resesi,pr9di,in
Thu Apr 06 08:49:45 +0000 2023,1.55E+18,"@abu_waras Introspeksi bu sdh menanam apa saat kalian berkuasa ?? Merasa sdh terwakili oleh reses kader kalian yg hy 50 k  ???
Sdhlah jika kalian tdk bs kontrol kader2 kalian  sesuai hrpn tdk usah janji kembali aplg bw2 nama wong cilik ..!!",magelung_3,in
Fri Apr 21 15:38:55 +0000 2023,225131233,"@ichwan_prasetyo Moment yang pas. Saat basis pendukung bisa dikatakan ""reses"" ke kampung halaman.
ğŸ¤£",agushardoyo,in
Tue Apr 18 22:13:26 +0000 2023,59013475,"Ibunya pernah reses di tempat gue kayaknya, tapi tanpa dia dipilih pun pasti kelimpahan suara sebab pdip di sini kuat.",napuspita,in
Thu Apr 20 17:15:05 +0000 2023,7.44E+17,"@TxtdariHI Acara sungkeman, ngumpul sma kluarga besar abiz itu ngasih khutbah tentang masalah israel-palestina klo konflik mereka bukan sekedar agama. Dan ngasih bocoran klo negara bkalan resesi tidak lama lagi dan pemilu bakalan ditundağŸ˜‚ #chuaks",REIJUz69,in
Thu Apr 20 10:31:54 +0000 2023,1.48E+18,"@PartaiSocmed @kurawa Waduh, mana mao resesi, nanti makin ga punya duit buat bayar",CimitNarendra,in
Sat Apr 22 09:17:13 +0000 2023,1.57E+18,"@musslihuddin @primawansatrio Menurut gua sendiri resesi sex lebih baik daripada angka kemiskinan tinggi dan pendidikan rendha yang ujung ujungnya tetap menjadi permasalahan yang sama, SDM yang ga berkualitas",aufarazzan_,in
Wed Apr 19 12:07:56 +0000 2023,1.48E+18,@cnbcindonesia Resesi Di Negara Kaya dan Berkeadilan Dampaknya Masih Terkendali Tapi Di Negara Berkembang dan Senjang Seperti Di Asean Dampak Resesi Buruk Sekali Bagi Kaum Lemah!,AsepRohmandar5,in
Thu Apr 20 18:23:53 +0000 2023,1.33E+18,Hai semua,Resesi2023,in
Thu Apr 20 17:13:34 +0000 2023,82104835,"Serap Aspirasi Dalam Reses, Hj Endang S Thohari Dorong Pertanian di Cianjur Semakin Maju https://t.co/JGw3raJRwJ #cianjurtoday",cianjurtoday_,in
Sat Apr 22 05:23:24 +0000 2023,1.43E+18,"@musslihuddin Iyee, orang indo aja selalu nambah fetish baruu, boro-boro mau resesi sex kak ğŸ˜­",1orever,in
Sat Apr 22 02:57:56 +0000 2023,2837419952,"@musslihuddin @primawansatrio Tolol, gimana mau resesi penduduk. Klw anak umur 13-20thn di Indonesia udh banyak yg nikah muda dan punya anak. Padahal keadaan mental ga siap, ekonomi ga siap, apalagi pola pikirnya. Masih ga mumpuni untuk jd orangtua yg bener.",evivamore,in
Tue Apr 18 03:42:36 +0000 2023,98275340,"Ida Mahmudah dari PDIP Daerah Pemilihan 3 Jakarta yang terdiri dari Kec. Pademangan, Kec. Penjaringan, Kec. Tj. Priok. Silakan tidak dipilih lagi.",AnggaPutraF,in
Tue Apr 18 13:41:56 +0000 2023,1.47E+18,@Reiza_Patters Gubernur gak ada kerjaan tah? Lagi masa reses??? Wkwkwk,misterm686,in
Sat Apr 22 02:37:54 +0000 2023,138092593,"@musslihuddin @primawansatrio Ga lah itu sih lebay.

Yg penting udah sadar dan siap ngeluarin duit buat anak. Even kalo ga ada tabungan yg penting siap bahwa x% dari income disiapkan utk biaya anakâ€¦ Kalo keliatannya harta dan/atau income cukup, ya bismillah aja. 

Gausah kejauhan sampe resesi sexâ€¦",ramadjaffri,in
Sat Apr 22 03:25:40 +0000 2023,1.11E+18,"@musslihuddin @primawansatrio Lagian kalo terjadi resesi sex di indo juga gak bakal seoarah jepang kali, mikir aja penduduk indo berapa ratus juta tuh",castlesungg,in
Sat Apr 15 07:53:08 +0000 2023,833805482,"@alextham878 Indonesia termasuk negara yg terbebas dari resesi akibat dari pandemi covid 19 Indonesia aman hanya pembangunan yg tersendat itu rakyat sudah paham yg ga paham golongan mafia-mafia dan ormas radikal yg ingin menjatuhkan pak Jokowi 
Karena apa pak Jokowi hantu bagi mereka",NKRI_HARGAMATI2,in
Wed Apr 19 17:10:17 +0000 2023,1.54E+18,"@tanyarlfes Emang mahal semenjak ada inflasi resesi dkk nder, dulu tokoku bisa sampek 15 orderan paling dikit 8 lah, sekarang sehari dapet 1 aja udah allhamdulillah, yang tetep rame malah sfood aja",Al26___,in
Sat Apr 22 02:49:31 +0000 2023,1.17E+18,@musslihuddin @primawansatrio Ngomongin resesi sex kayak populasi jepun sama kek IndoğŸ¥´ğŸ™„ udah saatnya Indonesia ngurangin populasinya.,SarcasticcBitxh,in
Sat Apr 22 03:11:09 +0000 2023,68682413,@musslihuddin @primawansatrio Kagak bakal resesi sex kalo bocah 16 tahun bahkan belom lulus sekolah aja udah dikawinin mak bapaknya ğŸ‘,waridaf,in
Thu Apr 20 01:21:35 +0000 2023,1.60E+18,"@vdandre3 @indoprogress Negri ini autopilot tanpa pak lurah pun ga bakal resesi. Paham?. Yg ada dg adanya pak lurah, negri ini jd terjajah oleh negri kakak besar. Dan sdm nya di maling ama rezim ini. Paham ?",DwiNina93,in
Fri Apr 21 06:37:44 +0000 2023,1.57E+18,@dutaSherliana Ini Penyebab Ekonomi Indonesia Tetap Kuat Meski Badai Resesi Makin Besar #UMKM,dertaso1,in
Wed Apr 19 04:15:02 +0000 2023,3502429158,"@bukanakunkb Resesi sex di bidang yang lain sih mungkin, bang.",Wilayatulloh_,in
Sat Apr 22 02:28:05 +0000 2023,7.19E+17,"@musslihuddin @primawansatrio goblok, financial stable kan buat perorangan. 5 thun kdpan klo abangny udh ngerasa keuangan pas buat punya anak baru mutusin but anak kan gk salah???

lgian apa hubunganny sm resesi sex, tolol.",olafbitj,in
Tue Apr 18 08:28:20 +0000 2023,2814280963,"Di jepang resesi seks banyak orang freechild alias ga mau punya anak ditambah kasus Hikikomori mengurung diri dirumah anti sosial sama tetangga. Jepang lebih banyak usia tua dibanding usia muda. 

SDM pada usia muda sedikit pemerintahnya khawatir.",kerupvk,in
Wed Apr 19 16:54:50 +0000 2023,51728210,"@rubihmsyh @BaseBDG iya betul. orang yang lama ga ketemu mau ngarep diajak ngobrol apa?
emangnya mau diskusi resesi ekonomi? atau ngobrolin kebijakan UU kuhp?",rayzapratama,in
Tue Apr 18 10:45:00 +0000 2023,125297822,"Komisi III prinsipnya menunggu hasil rapat Bamus selepas masa reses. Presiden Joko Widodo bakal meneken Surpres dan melayangkan ke DPR pasca Lebaran 2023.
https://t.co/iAidT7CpWH",HukumOnline,in
Wed Apr 19 12:22:10 +0000 2023,1.07E+18,"@mikcucu22 @riyutoooo @YRadianto jaman sby hanya ada 1x resesi keuangan dunia, jaman jokowi ada 2x resesi keuangan dunia (covid n efek rusia vs ukraina). 
2x resesi menhasilkan pdb 11 T .... 1x resesi hanya 8 T ğŸ˜†ğŸ˜†ğŸ˜†
hayoooo apalagi ?",endonesiatwit,in
Thu Apr 20 12:13:51 +0000 2023,1.33E+18,"@tanyakanrl Katanya habis pandemi, trus katanya resesi, trus tahun senyap soalnya kampanye udah di mulai. Yg pasti emang ekonomi aja lagi tetak-tetak mau bangkit lagi",Kknmj30,in
Wed Apr 19 15:48:31 +0000 2023,1.55E+18,"@budimandjatmiko Bud, ente makin resek... mode resesi gini lihat2 masyarakat kecil bud. 
mrk mikirnya bgmn bisa makan hari ini, itu juga kalau lo percaya sih.",pozzile,in
Mon Apr 17 10:32:14 +0000 2023,36321448,"Negara2 di dunia mulai kekurangan rakyat apa gimana ya? 

Aku denger Jepang juga kehilangan 2 juta warganya selama pandemi. Beberapa bisnis dan layanan publik kekurangan SDM..",fajarnugros,in
Fri Apr 21 07:47:07 +0000 2023,1.59E+18,@shabell___ Sama... Yokkk mumpung lg rame resesi penduduk ğŸ¤£ğŸ¤£,Maki___2215,in
Fri Apr 21 16:40:19 +0000 2023,313689420,@CNNIndonesia Lebih baik berita tentang persiapan resesi ekonomi dari pada berita tahun 2020 - 2021 di goreng lagi...,es_er_em,in
Tue Apr 18 06:49:14 +0000 2023,1.60E+18,@Beritasatu Resesi gagal muncul inflasi demi sebuah kursi,tarsongudi,in
Tue Apr 18 21:21:26 +0000 2023,57566802,"@NephiLaxmus lu ngerti ga Fast Foward?
semua serba cepat demi merasakan jd pemimpin full season di masa reses. 5 tahun dipacking jd 1 tahun, ya gini deh hasilnya",GadgetCornerSVC,in
Tue Apr 18 13:57:46 +0000 2023,97626474,"@adynarmodo iyaa mas emas itu buat hedge aja klo amitÂ² resesi atau gimana, emas ada aku tapi dikit lagi fokus return Q3 2025 panen mumpung lagi murahÂ² semuanya ğŸ¤£",luckytsar,in
Sat Apr 22 02:44:21 +0000 2023,234682839,"@popmienaa Yap bener, Para ngabers di jepang korea sedang ketar ketir karna resesi sex dinegaranya",musslihuddin,in
Fri Apr 21 13:19:29 +0000 2023,1407076946,"Happy Eid Mubarak
Minal aidzin wal faidzin, mohon maaf lahir dan batin
ğŸ¤ğŸ¤",wega__,in
Fri Apr 21 02:39:46 +0000 2023,1.57E+18,"Dalam gelap, aku kelaparan dan menggigil kedinginan. Aku duduk di atas tanganku, di bawah tangga, di basement.  Kepalaku lunglai ke belakang. Sudah berjam jam sebelumnya tanganku tak bisa merasakan apa apa...(the lost boy, hal 3)
https://t.co/A03FW6Aglq",StickerTxt,in
Tue Apr 18 16:54:11 +0000 2023,88415542,"@KPK_RI Di duga Anggota DPR RI menggunakan dana CSR Bank BRI di Kab. Siak Prov Riau untuk Agenda kegiatan Reses DPR RI. 
Cukup sdh BUMN jadi sapi perahan Pejabat !!",SangAryoo,in
Tue Apr 18 09:34:39 +0000 2023,705261578,"â€¢ Lomba Esai dan Infografis ACE 2023 â€œInovasi Pengelolaan Keuangan oleh Milenial sebagai Titik Terang Indonesia Menghadapi Ancaman Resesi Ekonomi 2023â€
Save the Dateâ€¼ï¸
Pendaftaran: 20 Februari - 02 Mei 2023
More information: @ace.accounting",bemfebunud,in
Tue Apr 18 14:21:41 +0000 2023,1.58E+18,@ch_chotimah2 @Giring_Ganesha @psi_id @jokowi Ayo semanggat bro @Giring_Ganesha targetkan 2028 being a leader programnya kerjakan dari hari ini dibalik prosesnya jgn janji dulu kl sy jadi tp realisasikan skrg rakyat ditenggaj resesi perlu langkah nyata ğŸ˜‡ btw gw ada ide nihğŸ¤£ğŸ¤£,bacasencoo,in
